solid OpenSCAD_Model
  facet normal 0 1 -0
    outer loop
      vertex 38.025 -38.525 0
      vertex -38.025 -38.525 16
      vertex 38.025 -38.525 16
    endloop
  endfacet
  facet normal 0 1 0
    outer loop
      vertex -38.025 -38.525 16
      vertex 38.025 -38.525 0
      vertex -38.025 -38.525 0
    endloop
  endfacet
  facet normal 0 -1 0
    outer loop
      vertex -38.025 38.525 0
      vertex 38.025 38.525 16
      vertex -38.025 38.525 16
    endloop
  endfacet
  facet normal 0 -1 -0
    outer loop
      vertex 38.025 38.525 16
      vertex -38.025 38.525 0
      vertex 38.025 38.525 0
    endloop
  endfacet
  facet normal 0 1 0
    outer loop
      vertex -37.525 -4 2.4
      vertex -38.525 -4 1.8
      vertex -38.525 -4 3
    endloop
  endfacet
  facet normal 1 0 0
    outer loop
      vertex -38.525 38.025 16
      vertex -38.525 -4 3
      vertex -38.525 38.025 0
    endloop
  endfacet
  facet normal 1 -0 0
    outer loop
      vertex -38.525 -38.025 16
      vertex -38.525 -4 3
      vertex -38.525 38.025 16
    endloop
  endfacet
  facet normal 1 0 0
    outer loop
      vertex -38.525 -38.025 0
      vertex -38.525 -12 3
      vertex -38.525 -38.025 16
    endloop
  endfacet
  facet normal 1 0 0
    outer loop
      vertex -38.525 -4 3
      vertex -38.525 -38.025 16
      vertex -38.525 -12 3
    endloop
  endfacet
  facet normal 1 -0 0
    outer loop
      vertex -38.525 -4 1.8
      vertex -38.525 38.025 0
      vertex -38.525 -4 3
    endloop
  endfacet
  facet normal 1 0 0
    outer loop
      vertex -38.525 -38.025 0
      vertex -38.525 -4 1.8
      vertex -38.525 -12 1.8
    endloop
  endfacet
  facet normal 1 0 0
    outer loop
      vertex -38.525 -4 1.8
      vertex -38.525 -38.025 0
      vertex -38.525 38.025 0
    endloop
  endfacet
  facet normal 1 0 0
    outer loop
      vertex -38.525 -12 3
      vertex -38.525 -38.025 0
      vertex -38.525 -12 1.8
    endloop
  endfacet
  facet normal 0.514496 0 -0.857493
    outer loop
      vertex -38.525 -12 1.8
      vertex -37.525 -4 2.4
      vertex -37.525 -12 2.4
    endloop
  endfacet
  facet normal 0.514496 0 -0.857493
    outer loop
      vertex -37.525 -4 2.4
      vertex -38.525 -12 1.8
      vertex -38.525 -4 1.8
    endloop
  endfacet
  facet normal 0.514496 0 0.857493
    outer loop
      vertex -38.525 -4 3
      vertex -37.525 -12 2.4
      vertex -37.525 -4 2.4
    endloop
  endfacet
  facet normal 0.514496 0 0.857493
    outer loop
      vertex -37.525 -12 2.4
      vertex -38.525 -4 3
      vertex -38.525 -12 3
    endloop
  endfacet
  facet normal 0 -1 0
    outer loop
      vertex -38.525 -12 3
      vertex -38.525 -12 1.8
      vertex -37.525 -12 2.4
    endloop
  endfacet
  facet normal 0 1 -0
    outer loop
      vertex 38.525 -4 1.8
      vertex 37.525 -4 2.4
      vertex 38.525 -4 3
    endloop
  endfacet
  facet normal 0 -1 -0
    outer loop
      vertex 38.525 -12 3
      vertex 37.525 -12 2.4
      vertex 38.525 -12 1.8
    endloop
  endfacet
  facet normal -1 0 0
    outer loop
      vertex 38.525 -4 3
      vertex 38.525 38.025 0
      vertex 38.525 -4 1.8
    endloop
  endfacet
  facet normal -1 0 0
    outer loop
      vertex 38.525 -38.025 0
      vertex 38.525 -4 1.8
      vertex 38.525 38.025 0
    endloop
  endfacet
  facet normal -1 -0 0
    outer loop
      vertex 38.525 -12 1.8
      vertex 38.525 -38.025 0
      vertex 38.525 -12 3
    endloop
  endfacet
  facet normal -1 -0 0
    outer loop
      vertex 38.525 -4 1.8
      vertex 38.525 -38.025 0
      vertex 38.525 -12 1.8
    endloop
  endfacet
  facet normal -1 0 0
    outer loop
      vertex 38.525 38.025 0
      vertex 38.525 -4 3
      vertex 38.525 38.025 16
    endloop
  endfacet
  facet normal -1 0 0
    outer loop
      vertex 38.525 -38.025 16
      vertex 38.525 -4 3
      vertex 38.525 -12 3
    endloop
  endfacet
  facet normal -1 0 0
    outer loop
      vertex 38.525 -38.025 16
      vertex 38.525 -12 3
      vertex 38.525 -38.025 0
    endloop
  endfacet
  facet normal -1 0 0
    outer loop
      vertex 38.525 -4 3
      vertex 38.525 -38.025 16
      vertex 38.525 38.025 16
    endloop
  endfacet
  facet normal -0.514496 0 0.857493
    outer loop
      vertex 37.525 -4 2.4
      vertex 38.525 -12 3
      vertex 38.525 -4 3
    endloop
  endfacet
  facet normal -0.514496 0 0.857493
    outer loop
      vertex 38.525 -12 3
      vertex 37.525 -4 2.4
      vertex 37.525 -12 2.4
    endloop
  endfacet
  facet normal -0.514496 0 -0.857493
    outer loop
      vertex 37.525 -12 2.4
      vertex 38.525 -4 1.8
      vertex 38.525 -12 1.8
    endloop
  endfacet
  facet normal -0.514496 0 -0.857493
    outer loop
      vertex 38.525 -4 1.8
      vertex 37.525 -12 2.4
      vertex 37.525 -4 2.4
    endloop
  endfacet
  facet normal 1 -0 0
    outer loop
      vertex -35.025 -35.025 17.2
      vertex -35.025 -21.225 16
      vertex -35.025 -21.225 17.2
    endloop
  endfacet
  facet normal 1 0 0
    outer loop
      vertex -35.025 -21.225 16
      vertex -35.025 -35.025 17.2
      vertex -35.025 -35.025 16
    endloop
  endfacet
  facet normal -1 0 0
    outer loop
      vertex -21.225 -35.025 16
      vertex -21.225 -21.225 17.2
      vertex -21.225 -21.225 16
    endloop
  endfacet
  facet normal -1 -0 0
    outer loop
      vertex -21.225 -21.225 17.2
      vertex -21.225 -35.025 16
      vertex -21.225 -35.025 17.2
    endloop
  endfacet
  facet normal 0 -1 0
    outer loop
      vertex -35.025 -21.225 16
      vertex -21.225 -21.225 17.2
      vertex -35.025 -21.225 17.2
    endloop
  endfacet
  facet normal 0 -1 -0
    outer loop
      vertex -21.225 -21.225 17.2
      vertex -35.025 -21.225 16
      vertex -21.225 -21.225 16
    endloop
  endfacet
  facet normal 0 1 -0
    outer loop
      vertex -21.225 -35.025 16
      vertex -35.025 -35.025 17.2
      vertex -21.225 -35.025 17.2
    endloop
  endfacet
  facet normal 0 1 0
    outer loop
      vertex -35.025 -35.025 17.2
      vertex -21.225 -35.025 16
      vertex -35.025 -35.025 16
    endloop
  endfacet
  facet normal 1 -0 0
    outer loop
      vertex -35.025 -16.275 17.2
      vertex -35.025 -2.475 16
      vertex -35.025 -2.475 17.2
    endloop
  endfacet
  facet normal 1 0 0
    outer loop
      vertex -35.025 -2.475 16
      vertex -35.025 -16.275 17.2
      vertex -35.025 -16.275 16
    endloop
  endfacet
  facet normal -1 0 0
    outer loop
      vertex -21.225 -16.275 16
      vertex -21.225 -2.475 17.2
      vertex -21.225 -2.475 16
    endloop
  endfacet
  facet normal -1 -0 0
    outer loop
      vertex -21.225 -2.475 17.2
      vertex -21.225 -16.275 16
      vertex -21.225 -16.275 17.2
    endloop
  endfacet
  facet normal 0 -1 0
    outer loop
      vertex -35.025 -2.475 16
      vertex -21.225 -2.475 17.2
      vertex -35.025 -2.475 17.2
    endloop
  endfacet
  facet normal 0 -1 -0
    outer loop
      vertex -21.225 -2.475 17.2
      vertex -35.025 -2.475 16
      vertex -21.225 -2.475 16
    endloop
  endfacet
  facet normal 0 1 -0
    outer loop
      vertex -21.225 -16.275 16
      vertex -35.025 -16.275 17.2
      vertex -21.225 -16.275 17.2
    endloop
  endfacet
  facet normal 0 1 0
    outer loop
      vertex -35.025 -16.275 17.2
      vertex -21.225 -16.275 16
      vertex -35.025 -16.275 16
    endloop
  endfacet
  facet normal 1 -0 0
    outer loop
      vertex -35.025 2.475 17.2
      vertex -35.025 16.275 16
      vertex -35.025 16.275 17.2
    endloop
  endfacet
  facet normal 1 0 0
    outer loop
      vertex -35.025 16.275 16
      vertex -35.025 2.475 17.2
      vertex -35.025 2.475 16
    endloop
  endfacet
  facet normal -1 0 0
    outer loop
      vertex -21.225 2.475 16
      vertex -21.225 16.275 17.2
      vertex -21.225 16.275 16
    endloop
  endfacet
  facet normal -1 -0 0
    outer loop
      vertex -21.225 16.275 17.2
      vertex -21.225 2.475 16
      vertex -21.225 2.475 17.2
    endloop
  endfacet
  facet normal 0 -1 0
    outer loop
      vertex -35.025 16.275 16
      vertex -21.225 16.275 17.2
      vertex -35.025 16.275 17.2
    endloop
  endfacet
  facet normal 0 -1 -0
    outer loop
      vertex -21.225 16.275 17.2
      vertex -35.025 16.275 16
      vertex -21.225 16.275 16
    endloop
  endfacet
  facet normal 0 1 -0
    outer loop
      vertex -21.225 2.475 16
      vertex -35.025 2.475 17.2
      vertex -21.225 2.475 17.2
    endloop
  endfacet
  facet normal 0 1 0
    outer loop
      vertex -35.025 2.475 17.2
      vertex -21.225 2.475 16
      vertex -35.025 2.475 16
    endloop
  endfacet
  facet normal 1 -0 0
    outer loop
      vertex -35.025 21.225 17.2
      vertex -35.025 35.025 16
      vertex -35.025 35.025 17.2
    endloop
  endfacet
  facet normal 1 0 0
    outer loop
      vertex -35.025 35.025 16
      vertex -35.025 21.225 17.2
      vertex -35.025 21.225 16
    endloop
  endfacet
  facet normal -1 0 0
    outer loop
      vertex -21.225 21.225 16
      vertex -21.225 35.025 17.2
      vertex -21.225 35.025 16
    endloop
  endfacet
  facet normal -1 -0 0
    outer loop
      vertex -21.225 35.025 17.2
      vertex -21.225 21.225 16
      vertex -21.225 21.225 17.2
    endloop
  endfacet
  facet normal 0 -1 0
    outer loop
      vertex -35.025 35.025 16
      vertex -21.225 35.025 17.2
      vertex -35.025 35.025 17.2
    endloop
  endfacet
  facet normal 0 -1 -0
    outer loop
      vertex -21.225 35.025 17.2
      vertex -35.025 35.025 16
      vertex -21.225 35.025 16
    endloop
  endfacet
  facet normal 0 1 -0
    outer loop
      vertex -21.225 21.225 16
      vertex -35.025 21.225 17.2
      vertex -21.225 21.225 17.2
    endloop
  endfacet
  facet normal 0 1 0
    outer loop
      vertex -35.025 21.225 17.2
      vertex -21.225 21.225 16
      vertex -35.025 21.225 16
    endloop
  endfacet
  facet normal -1 0 0
    outer loop
      vertex -2.475 -35.025 16
      vertex -2.475 -21.225 17.2
      vertex -2.475 -21.225 16
    endloop
  endfacet
  facet normal -1 -0 0
    outer loop
      vertex -2.475 -21.225 17.2
      vertex -2.475 -35.025 16
      vertex -2.475 -35.025 17.2
    endloop
  endfacet
  facet normal 0 -1 0
    outer loop
      vertex -16.275 -21.225 16
      vertex -2.475 -21.225 17.2
      vertex -16.275 -21.225 17.2
    endloop
  endfacet
  facet normal 0 -1 -0
    outer loop
      vertex -2.475 -21.225 17.2
      vertex -16.275 -21.225 16
      vertex -2.475 -21.225 16
    endloop
  endfacet
  facet normal 1 -0 0
    outer loop
      vertex -16.275 -35.025 17.2
      vertex -16.275 -21.225 16
      vertex -16.275 -21.225 17.2
    endloop
  endfacet
  facet normal 1 0 0
    outer loop
      vertex -16.275 -21.225 16
      vertex -16.275 -35.025 17.2
      vertex -16.275 -35.025 16
    endloop
  endfacet
  facet normal 0 1 -0
    outer loop
      vertex -2.475 -35.025 16
      vertex -16.275 -35.025 17.2
      vertex -2.475 -35.025 17.2
    endloop
  endfacet
  facet normal 0 1 0
    outer loop
      vertex -16.275 -35.025 17.2
      vertex -2.475 -35.025 16
      vertex -16.275 -35.025 16
    endloop
  endfacet
  facet normal 1 -0 0
    outer loop
      vertex -16.275 -16.275 17.2
      vertex -16.275 -2.475 16
      vertex -16.275 -2.475 17.2
    endloop
  endfacet
  facet normal 1 0 0
    outer loop
      vertex -16.275 -2.475 16
      vertex -16.275 -16.275 17.2
      vertex -16.275 -16.275 16
    endloop
  endfacet
  facet normal -1 0 0
    outer loop
      vertex -2.475 -16.275 16
      vertex -2.475 -2.475 17.2
      vertex -2.475 -2.475 16
    endloop
  endfacet
  facet normal -1 -0 0
    outer loop
      vertex -2.475 -2.475 17.2
      vertex -2.475 -16.275 16
      vertex -2.475 -16.275 17.2
    endloop
  endfacet
  facet normal 0 -1 0
    outer loop
      vertex -16.275 -2.475 16
      vertex -2.475 -2.475 17.2
      vertex -16.275 -2.475 17.2
    endloop
  endfacet
  facet normal 0 -1 -0
    outer loop
      vertex -2.475 -2.475 17.2
      vertex -16.275 -2.475 16
      vertex -2.475 -2.475 16
    endloop
  endfacet
  facet normal 0 1 -0
    outer loop
      vertex -2.475 -16.275 16
      vertex -16.275 -16.275 17.2
      vertex -2.475 -16.275 17.2
    endloop
  endfacet
  facet normal 0 1 0
    outer loop
      vertex -16.275 -16.275 17.2
      vertex -2.475 -16.275 16
      vertex -16.275 -16.275 16
    endloop
  endfacet
  facet normal 1 -0 0
    outer loop
      vertex -16.275 2.475 17.2
      vertex -16.275 16.275 16
      vertex -16.275 16.275 17.2
    endloop
  endfacet
  facet normal 1 0 0
    outer loop
      vertex -16.275 16.275 16
      vertex -16.275 2.475 17.2
      vertex -16.275 2.475 16
    endloop
  endfacet
  facet normal -1 0 0
    outer loop
      vertex -2.475 2.475 16
      vertex -2.475 16.275 17.2
      vertex -2.475 16.275 16
    endloop
  endfacet
  facet normal -1 -0 0
    outer loop
      vertex -2.475 16.275 17.2
      vertex -2.475 2.475 16
      vertex -2.475 2.475 17.2
    endloop
  endfacet
  facet normal 0 -1 0
    outer loop
      vertex -16.275 16.275 16
      vertex -2.475 16.275 17.2
      vertex -16.275 16.275 17.2
    endloop
  endfacet
  facet normal 0 -1 -0
    outer loop
      vertex -2.475 16.275 17.2
      vertex -16.275 16.275 16
      vertex -2.475 16.275 16
    endloop
  endfacet
  facet normal 0 1 -0
    outer loop
      vertex -2.475 2.475 16
      vertex -16.275 2.475 17.2
      vertex -2.475 2.475 17.2
    endloop
  endfacet
  facet normal 0 1 0
    outer loop
      vertex -16.275 2.475 17.2
      vertex -2.475 2.475 16
      vertex -16.275 2.475 16
    endloop
  endfacet
  facet normal 1 -0 0
    outer loop
      vertex -16.275 21.225 17.2
      vertex -16.275 35.025 16
      vertex -16.275 35.025 17.2
    endloop
  endfacet
  facet normal 1 0 0
    outer loop
      vertex -16.275 35.025 16
      vertex -16.275 21.225 17.2
      vertex -16.275 21.225 16
    endloop
  endfacet
  facet normal -1 0 0
    outer loop
      vertex -2.475 21.225 16
      vertex -2.475 35.025 17.2
      vertex -2.475 35.025 16
    endloop
  endfacet
  facet normal -1 -0 0
    outer loop
      vertex -2.475 35.025 17.2
      vertex -2.475 21.225 16
      vertex -2.475 21.225 17.2
    endloop
  endfacet
  facet normal 0 -1 0
    outer loop
      vertex -16.275 35.025 16
      vertex -2.475 35.025 17.2
      vertex -16.275 35.025 17.2
    endloop
  endfacet
  facet normal 0 -1 -0
    outer loop
      vertex -2.475 35.025 17.2
      vertex -16.275 35.025 16
      vertex -2.475 35.025 16
    endloop
  endfacet
  facet normal 0 1 -0
    outer loop
      vertex -2.475 21.225 16
      vertex -16.275 21.225 17.2
      vertex -2.475 21.225 17.2
    endloop
  endfacet
  facet normal 0 1 0
    outer loop
      vertex -16.275 21.225 17.2
      vertex -2.475 21.225 16
      vertex -16.275 21.225 16
    endloop
  endfacet
  facet normal -1 0 0
    outer loop
      vertex 16.275 -35.025 16
      vertex 16.275 -21.225 17.2
      vertex 16.275 -21.225 16
    endloop
  endfacet
  facet normal -1 -0 0
    outer loop
      vertex 16.275 -21.225 17.2
      vertex 16.275 -35.025 16
      vertex 16.275 -35.025 17.2
    endloop
  endfacet
  facet normal 0 -1 0
    outer loop
      vertex 2.475 -21.225 16
      vertex 16.275 -21.225 17.2
      vertex 2.475 -21.225 17.2
    endloop
  endfacet
  facet normal 0 -1 -0
    outer loop
      vertex 16.275 -21.225 17.2
      vertex 2.475 -21.225 16
      vertex 16.275 -21.225 16
    endloop
  endfacet
  facet normal 1 -0 0
    outer loop
      vertex 2.475 -35.025 17.2
      vertex 2.475 -21.225 16
      vertex 2.475 -21.225 17.2
    endloop
  endfacet
  facet normal 1 0 0
    outer loop
      vertex 2.475 -21.225 16
      vertex 2.475 -35.025 17.2
      vertex 2.475 -35.025 16
    endloop
  endfacet
  facet normal 0 1 -0
    outer loop
      vertex 16.275 -35.025 16
      vertex 2.475 -35.025 17.2
      vertex 16.275 -35.025 17.2
    endloop
  endfacet
  facet normal 0 1 0
    outer loop
      vertex 2.475 -35.025 17.2
      vertex 16.275 -35.025 16
      vertex 2.475 -35.025 16
    endloop
  endfacet
  facet normal 1 -0 0
    outer loop
      vertex 2.475 -16.275 17.2
      vertex 2.475 -2.475 16
      vertex 2.475 -2.475 17.2
    endloop
  endfacet
  facet normal 1 0 0
    outer loop
      vertex 2.475 -2.475 16
      vertex 2.475 -16.275 17.2
      vertex 2.475 -16.275 16
    endloop
  endfacet
  facet normal -1 0 0
    outer loop
      vertex 16.275 -16.275 16
      vertex 16.275 -2.475 17.2
      vertex 16.275 -2.475 16
    endloop
  endfacet
  facet normal -1 -0 0
    outer loop
      vertex 16.275 -2.475 17.2
      vertex 16.275 -16.275 16
      vertex 16.275 -16.275 17.2
    endloop
  endfacet
  facet normal 0 -1 0
    outer loop
      vertex 2.475 -2.475 16
      vertex 16.275 -2.475 17.2
      vertex 2.475 -2.475 17.2
    endloop
  endfacet
  facet normal 0 -1 -0
    outer loop
      vertex 16.275 -2.475 17.2
      vertex 2.475 -2.475 16
      vertex 16.275 -2.475 16
    endloop
  endfacet
  facet normal 0 1 -0
    outer loop
      vertex 16.275 -16.275 16
      vertex 2.475 -16.275 17.2
      vertex 16.275 -16.275 17.2
    endloop
  endfacet
  facet normal 0 1 0
    outer loop
      vertex 2.475 -16.275 17.2
      vertex 16.275 -16.275 16
      vertex 2.475 -16.275 16
    endloop
  endfacet
  facet normal 1 -0 0
    outer loop
      vertex 2.475 2.475 17.2
      vertex 2.475 16.275 16
      vertex 2.475 16.275 17.2
    endloop
  endfacet
  facet normal 1 0 0
    outer loop
      vertex 2.475 16.275 16
      vertex 2.475 2.475 17.2
      vertex 2.475 2.475 16
    endloop
  endfacet
  facet normal -1 0 0
    outer loop
      vertex 16.275 2.475 16
      vertex 16.275 16.275 17.2
      vertex 16.275 16.275 16
    endloop
  endfacet
  facet normal -1 -0 0
    outer loop
      vertex 16.275 16.275 17.2
      vertex 16.275 2.475 16
      vertex 16.275 2.475 17.2
    endloop
  endfacet
  facet normal 0 -1 0
    outer loop
      vertex 2.475 16.275 16
      vertex 16.275 16.275 17.2
      vertex 2.475 16.275 17.2
    endloop
  endfacet
  facet normal 0 -1 -0
    outer loop
      vertex 16.275 16.275 17.2
      vertex 2.475 16.275 16
      vertex 16.275 16.275 16
    endloop
  endfacet
  facet normal 0 1 -0
    outer loop
      vertex 16.275 2.475 16
      vertex 2.475 2.475 17.2
      vertex 16.275 2.475 17.2
    endloop
  endfacet
  facet normal 0 1 0
    outer loop
      vertex 2.475 2.475 17.2
      vertex 16.275 2.475 16
      vertex 2.475 2.475 16
    endloop
  endfacet
  facet normal 1 -0 0
    outer loop
      vertex 2.475 21.225 17.2
      vertex 2.475 35.025 16
      vertex 2.475 35.025 17.2
    endloop
  endfacet
  facet normal 1 0 0
    outer loop
      vertex 2.475 35.025 16
      vertex 2.475 21.225 17.2
      vertex 2.475 21.225 16
    endloop
  endfacet
  facet normal -1 0 0
    outer loop
      vertex 16.275 21.225 16
      vertex 16.275 35.025 17.2
      vertex 16.275 35.025 16
    endloop
  endfacet
  facet normal -1 -0 0
    outer loop
      vertex 16.275 35.025 17.2
      vertex 16.275 21.225 16
      vertex 16.275 21.225 17.2
    endloop
  endfacet
  facet normal 0 -1 0
    outer loop
      vertex 2.475 35.025 16
      vertex 16.275 35.025 17.2
      vertex 2.475 35.025 17.2
    endloop
  endfacet
  facet normal 0 -1 -0
    outer loop
      vertex 16.275 35.025 17.2
      vertex 2.475 35.025 16
      vertex 16.275 35.025 16
    endloop
  endfacet
  facet normal 0 1 -0
    outer loop
      vertex 16.275 21.225 16
      vertex 2.475 21.225 17.2
      vertex 16.275 21.225 17.2
    endloop
  endfacet
  facet normal 0 1 0
    outer loop
      vertex 2.475 21.225 17.2
      vertex 16.275 21.225 16
      vertex 2.475 21.225 16
    endloop
  endfacet
  facet normal 1 -0 0
    outer loop
      vertex 21.225 -35.025 17.2
      vertex 21.225 -21.225 16
      vertex 21.225 -21.225 17.2
    endloop
  endfacet
  facet normal 1 0 0
    outer loop
      vertex 21.225 -21.225 16
      vertex 21.225 -35.025 17.2
      vertex 21.225 -35.025 16
    endloop
  endfacet
  facet normal -1 0 0
    outer loop
      vertex 35.025 -35.025 16
      vertex 35.025 -21.225 17.2
      vertex 35.025 -21.225 16
    endloop
  endfacet
  facet normal -1 -0 0
    outer loop
      vertex 35.025 -21.225 17.2
      vertex 35.025 -35.025 16
      vertex 35.025 -35.025 17.2
    endloop
  endfacet
  facet normal 0 -1 0
    outer loop
      vertex 21.225 -21.225 16
      vertex 35.025 -21.225 17.2
      vertex 21.225 -21.225 17.2
    endloop
  endfacet
  facet normal 0 -1 -0
    outer loop
      vertex 35.025 -21.225 17.2
      vertex 21.225 -21.225 16
      vertex 35.025 -21.225 16
    endloop
  endfacet
  facet normal 0 1 -0
    outer loop
      vertex 35.025 -35.025 16
      vertex 21.225 -35.025 17.2
      vertex 35.025 -35.025 17.2
    endloop
  endfacet
  facet normal 0 1 0
    outer loop
      vertex 21.225 -35.025 17.2
      vertex 35.025 -35.025 16
      vertex 21.225 -35.025 16
    endloop
  endfacet
  facet normal 1 -0 0
    outer loop
      vertex 21.225 -16.275 17.2
      vertex 21.225 -2.475 16
      vertex 21.225 -2.475 17.2
    endloop
  endfacet
  facet normal 1 0 0
    outer loop
      vertex 21.225 -2.475 16
      vertex 21.225 -16.275 17.2
      vertex 21.225 -16.275 16
    endloop
  endfacet
  facet normal -1 0 0
    outer loop
      vertex 35.025 -16.275 16
      vertex 35.025 -2.475 17.2
      vertex 35.025 -2.475 16
    endloop
  endfacet
  facet normal -1 -0 0
    outer loop
      vertex 35.025 -2.475 17.2
      vertex 35.025 -16.275 16
      vertex 35.025 -16.275 17.2
    endloop
  endfacet
  facet normal 0 -1 0
    outer loop
      vertex 21.225 -2.475 16
      vertex 35.025 -2.475 17.2
      vertex 21.225 -2.475 17.2
    endloop
  endfacet
  facet normal 0 -1 -0
    outer loop
      vertex 35.025 -2.475 17.2
      vertex 21.225 -2.475 16
      vertex 35.025 -2.475 16
    endloop
  endfacet
  facet normal 0 1 -0
    outer loop
      vertex 35.025 -16.275 16
      vertex 21.225 -16.275 17.2
      vertex 35.025 -16.275 17.2
    endloop
  endfacet
  facet normal 0 1 0
    outer loop
      vertex 21.225 -16.275 17.2
      vertex 35.025 -16.275 16
      vertex 21.225 -16.275 16
    endloop
  endfacet
  facet normal 1 -0 0
    outer loop
      vertex 21.225 2.475 17.2
      vertex 21.225 16.275 16
      vertex 21.225 16.275 17.2
    endloop
  endfacet
  facet normal 1 0 0
    outer loop
      vertex 21.225 16.275 16
      vertex 21.225 2.475 17.2
      vertex 21.225 2.475 16
    endloop
  endfacet
  facet normal -1 0 0
    outer loop
      vertex 35.025 2.475 16
      vertex 35.025 16.275 17.2
      vertex 35.025 16.275 16
    endloop
  endfacet
  facet normal -1 -0 0
    outer loop
      vertex 35.025 16.275 17.2
      vertex 35.025 2.475 16
      vertex 35.025 2.475 17.2
    endloop
  endfacet
  facet normal 0 -1 0
    outer loop
      vertex 21.225 16.275 16
      vertex 35.025 16.275 17.2
      vertex 21.225 16.275 17.2
    endloop
  endfacet
  facet normal 0 -1 -0
    outer loop
      vertex 35.025 16.275 17.2
      vertex 21.225 16.275 16
      vertex 35.025 16.275 16
    endloop
  endfacet
  facet normal 0 1 -0
    outer loop
      vertex 35.025 2.475 16
      vertex 21.225 2.475 17.2
      vertex 35.025 2.475 17.2
    endloop
  endfacet
  facet normal 0 1 0
    outer loop
      vertex 21.225 2.475 17.2
      vertex 35.025 2.475 16
      vertex 21.225 2.475 16
    endloop
  endfacet
  facet normal -0.857698 0.514153 0
    outer loop
      vertex 31.0351 26.1805 16
      vertex 31.2117 26.4751 17.2
      vertex 31.2117 26.4751 16
    endloop
  endfacet
  facet normal -0.857698 0.514153 0
    outer loop
      vertex 31.2117 26.4751 17.2
      vertex 31.0351 26.1805 16
      vertex 31.0351 26.1805 17.2
    endloop
  endfacet
  facet normal -0.998789 -0.0491971 0
    outer loop
      vertex 31.625 28.125 16
      vertex 31.6081 28.4681 17.2
      vertex 31.6081 28.4681 16
    endloop
  endfacet
  facet normal -0.998789 -0.0491971 0
    outer loop
      vertex 31.6081 28.4681 17.2
      vertex 31.625 28.125 16
      vertex 31.625 28.125 17.2
    endloop
  endfacet
  facet normal 0.970074 0.24281 0
    outer loop
      vertex 24.7757 27.109 17.2
      vertex 24.6923 27.4422 16
      vertex 24.6923 27.4422 17.2
    endloop
  endfacet
  facet normal 0.970074 0.24281 0
    outer loop
      vertex 24.6923 27.4422 16
      vertex 24.7757 27.109 17.2
      vertex 24.7757 27.109 16
    endloop
  endfacet
  facet normal -0.941557 -0.336853 0
    outer loop
      vertex 31.4743 29.141 16
      vertex 31.3586 29.4644 17.2
      vertex 31.3586 29.4644 16
    endloop
  endfacet
  facet normal -0.941557 -0.336853 0
    outer loop
      vertex 31.3586 29.4644 17.2
      vertex 31.4743 29.141 16
      vertex 31.4743 29.141 17.2
    endloop
  endfacet
  facet normal 0.14676 -0.989172 0
    outer loop
      vertex 27.4422 31.5577 16
      vertex 27.7819 31.6081 17.2
      vertex 27.4422 31.5577 17.2
    endloop
  endfacet
  facet normal 0.14676 -0.989172 0
    outer loop
      vertex 27.7819 31.6081 17.2
      vertex 27.4422 31.5577 16
      vertex 27.7819 31.6081 16
    endloop
  endfacet
  facet normal -0.24281 0.970074 0
    outer loop
      vertex 29.141 24.7757 16
      vertex 28.8078 24.6923 17.2
      vertex 29.141 24.7757 17.2
    endloop
  endfacet
  facet normal -0.24281 0.970074 0
    outer loop
      vertex 28.8078 24.6923 17.2
      vertex 29.141 24.7757 16
      vertex 28.8078 24.6923 16
    endloop
  endfacet
  facet normal 0.514153 0.857698 -0
    outer loop
      vertex 26.4751 25.0383 16
      vertex 26.1805 25.2149 17.2
      vertex 26.4751 25.0383 17.2
    endloop
  endfacet
  facet normal 0.514153 0.857698 0
    outer loop
      vertex 26.1805 25.2149 17.2
      vertex 26.4751 25.0383 16
      vertex 26.1805 25.2149 16
    endloop
  endfacet
  facet normal -0.427661 0.903939 0
    outer loop
      vertex 29.7749 25.0383 16
      vertex 29.4644 24.8914 17.2
      vertex 29.7749 25.0383 17.2
    endloop
  endfacet
  facet normal -0.427661 0.903939 0
    outer loop
      vertex 29.4644 24.8914 17.2
      vertex 29.7749 25.0383 16
      vertex 29.4644 24.8914 16
    endloop
  endfacet
  facet normal -0.903939 0.427661 0
    outer loop
      vertex 31.2117 26.4751 16
      vertex 31.3586 26.7856 17.2
      vertex 31.3586 26.7856 16
    endloop
  endfacet
  facet normal -0.903939 0.427661 0
    outer loop
      vertex 31.3586 26.7856 17.2
      vertex 31.2117 26.4751 16
      vertex 31.2117 26.4751 17.2
    endloop
  endfacet
  facet normal -0.14676 0.989172 0
    outer loop
      vertex 28.8078 24.6923 16
      vertex 28.4681 24.6419 17.2
      vertex 28.8078 24.6923 17.2
    endloop
  endfacet
  facet normal -0.14676 0.989172 0
    outer loop
      vertex 28.4681 24.6419 17.2
      vertex 28.8078 24.6923 16
      vertex 28.4681 24.6419 16
    endloop
  endfacet
  facet normal -0.903939 -0.427661 0
    outer loop
      vertex 31.3586 29.4644 16
      vertex 31.2117 29.7749 17.2
      vertex 31.2117 29.7749 16
    endloop
  endfacet
  facet normal -0.903939 -0.427661 0
    outer loop
      vertex 31.2117 29.7749 17.2
      vertex 31.3586 29.4644 16
      vertex 31.3586 29.4644 17.2
    endloop
  endfacet
  facet normal -0.857698 -0.514153 0
    outer loop
      vertex 31.2117 29.7749 16
      vertex 31.0351 30.0695 17.2
      vertex 31.0351 30.0695 16
    endloop
  endfacet
  facet normal -0.857698 -0.514153 0
    outer loop
      vertex 31.0351 30.0695 17.2
      vertex 31.2117 29.7749 16
      vertex 31.2117 29.7749 17.2
    endloop
  endfacet
  facet normal -0.989172 -0.14676 0
    outer loop
      vertex 31.6081 28.4681 16
      vertex 31.5577 28.8078 17.2
      vertex 31.5577 28.8078 16
    endloop
  endfacet
  facet normal -0.989172 -0.14676 0
    outer loop
      vertex 31.5577 28.8078 17.2
      vertex 31.6081 28.4681 16
      vertex 31.6081 28.4681 17.2
    endloop
  endfacet
  facet normal 0.0491971 -0.998789 0
    outer loop
      vertex 27.7819 31.6081 16
      vertex 28.125 31.625 17.2
      vertex 27.7819 31.6081 17.2
    endloop
  endfacet
  facet normal 0.0491971 -0.998789 0
    outer loop
      vertex 28.125 31.625 17.2
      vertex 27.7819 31.6081 16
      vertex 28.125 31.625 16
    endloop
  endfacet
  facet normal 0.24281 -0.970074 0
    outer loop
      vertex 27.109 31.4743 16
      vertex 27.4422 31.5577 17.2
      vertex 27.109 31.4743 17.2
    endloop
  endfacet
  facet normal 0.24281 -0.970074 0
    outer loop
      vertex 27.4422 31.5577 17.2
      vertex 27.109 31.4743 16
      vertex 27.4422 31.5577 16
    endloop
  endfacet
  facet normal -0.336853 0.941557 0
    outer loop
      vertex 29.4644 24.8914 16
      vertex 29.141 24.7757 17.2
      vertex 29.4644 24.8914 17.2
    endloop
  endfacet
  facet normal -0.336853 0.941557 0
    outer loop
      vertex 29.141 24.7757 17.2
      vertex 29.4644 24.8914 16
      vertex 29.141 24.7757 16
    endloop
  endfacet
  facet normal 0.998789 -0.0491971 0
    outer loop
      vertex 24.625 28.125 17.2
      vertex 24.6419 28.4681 16
      vertex 24.6419 28.4681 17.2
    endloop
  endfacet
  facet normal 0.998789 -0.0491971 0
    outer loop
      vertex 24.6419 28.4681 16
      vertex 24.625 28.125 17.2
      vertex 24.625 28.125 16
    endloop
  endfacet
  facet normal 0.514153 -0.857698 0
    outer loop
      vertex 26.1805 31.0351 16
      vertex 26.4751 31.2117 17.2
      vertex 26.1805 31.0351 17.2
    endloop
  endfacet
  facet normal 0.514153 -0.857698 0
    outer loop
      vertex 26.4751 31.2117 17.2
      vertex 26.1805 31.0351 16
      vertex 26.4751 31.2117 16
    endloop
  endfacet
  facet normal 0.427661 0.903939 -0
    outer loop
      vertex 26.7856 24.8914 16
      vertex 26.4751 25.0383 17.2
      vertex 26.7856 24.8914 17.2
    endloop
  endfacet
  facet normal 0.427661 0.903939 0
    outer loop
      vertex 26.4751 25.0383 17.2
      vertex 26.7856 24.8914 16
      vertex 26.4751 25.0383 16
    endloop
  endfacet
  facet normal 0.941557 -0.336853 0
    outer loop
      vertex 24.7757 29.141 17.2
      vertex 24.8914 29.4644 16
      vertex 24.8914 29.4644 17.2
    endloop
  endfacet
  facet normal 0.941557 -0.336853 0
    outer loop
      vertex 24.8914 29.4644 16
      vertex 24.7757 29.141 17.2
      vertex 24.7757 29.141 16
    endloop
  endfacet
  facet normal -0.14676 -0.989172 0
    outer loop
      vertex 28.4681 31.6081 16
      vertex 28.8078 31.5577 17.2
      vertex 28.4681 31.6081 17.2
    endloop
  endfacet
  facet normal -0.14676 -0.989172 -0
    outer loop
      vertex 28.8078 31.5577 17.2
      vertex 28.4681 31.6081 16
      vertex 28.8078 31.5577 16
    endloop
  endfacet
  facet normal -0.336853 -0.941557 0
    outer loop
      vertex 29.141 31.4743 16
      vertex 29.4644 31.3586 17.2
      vertex 29.141 31.4743 17.2
    endloop
  endfacet
  facet normal -0.336853 -0.941557 -0
    outer loop
      vertex 29.4644 31.3586 17.2
      vertex 29.141 31.4743 16
      vertex 29.4644 31.3586 16
    endloop
  endfacet
  facet normal -0.595659 0.803237 0
    outer loop
      vertex 30.3454 25.4195 16
      vertex 30.0695 25.2149 17.2
      vertex 30.3454 25.4195 17.2
    endloop
  endfacet
  facet normal -0.595659 0.803237 0
    outer loop
      vertex 30.0695 25.2149 17.2
      vertex 30.3454 25.4195 16
      vertex 30.0695 25.2149 16
    endloop
  endfacet
  facet normal -0.941557 0.336853 0
    outer loop
      vertex 31.3586 26.7856 16
      vertex 31.4743 27.109 17.2
      vertex 31.4743 27.109 16
    endloop
  endfacet
  facet normal -0.941557 0.336853 0
    outer loop
      vertex 31.4743 27.109 17.2
      vertex 31.3586 26.7856 16
      vertex 31.3586 26.7856 17.2
    endloop
  endfacet
  facet normal -0.998789 0.0491971 0
    outer loop
      vertex 31.6081 27.7819 16
      vertex 31.625 28.125 17.2
      vertex 31.625 28.125 16
    endloop
  endfacet
  facet normal -0.998789 0.0491971 0
    outer loop
      vertex 31.625 28.125 17.2
      vertex 31.6081 27.7819 16
      vertex 31.6081 27.7819 17.2
    endloop
  endfacet
  facet normal 0.671454 -0.741046 0
    outer loop
      vertex 25.6501 30.5999 16
      vertex 25.9046 30.8305 17.2
      vertex 25.6501 30.5999 17.2
    endloop
  endfacet
  facet normal 0.671454 -0.741046 0
    outer loop
      vertex 25.9046 30.8305 17.2
      vertex 25.6501 30.5999 16
      vertex 25.9046 30.8305 16
    endloop
  endfacet
  facet normal 0.989172 0.14676 0
    outer loop
      vertex 24.6923 27.4422 17.2
      vertex 24.6419 27.7819 16
      vertex 24.6419 27.7819 17.2
    endloop
  endfacet
  facet normal 0.989172 0.14676 0
    outer loop
      vertex 24.6419 27.7819 16
      vertex 24.6923 27.4422 17.2
      vertex 24.6923 27.4422 16
    endloop
  endfacet
  facet normal -0.741046 0.671454 0
    outer loop
      vertex 30.5999 25.6501 16
      vertex 30.8305 25.9046 17.2
      vertex 30.8305 25.9046 16
    endloop
  endfacet
  facet normal -0.741046 0.671454 0
    outer loop
      vertex 30.8305 25.9046 17.2
      vertex 30.5999 25.6501 16
      vertex 30.5999 25.6501 17.2
    endloop
  endfacet
  facet normal 0.741046 -0.671454 0
    outer loop
      vertex 25.4195 30.3454 17.2
      vertex 25.6501 30.5999 16
      vertex 25.6501 30.5999 17.2
    endloop
  endfacet
  facet normal 0.741046 -0.671454 0
    outer loop
      vertex 25.6501 30.5999 16
      vertex 25.4195 30.3454 17.2
      vertex 25.4195 30.3454 16
    endloop
  endfacet
  facet normal 0.857698 -0.514153 0
    outer loop
      vertex 25.0383 29.7749 17.2
      vertex 25.2149 30.0695 16
      vertex 25.2149 30.0695 17.2
    endloop
  endfacet
  facet normal 0.857698 -0.514153 0
    outer loop
      vertex 25.2149 30.0695 16
      vertex 25.0383 29.7749 17.2
      vertex 25.0383 29.7749 16
    endloop
  endfacet
  facet normal -0.671454 0.741046 0
    outer loop
      vertex 30.5999 25.6501 16
      vertex 30.3454 25.4195 17.2
      vertex 30.5999 25.6501 17.2
    endloop
  endfacet
  facet normal -0.671454 0.741046 0
    outer loop
      vertex 30.3454 25.4195 17.2
      vertex 30.5999 25.6501 16
      vertex 30.3454 25.4195 16
    endloop
  endfacet
  facet normal 0.0491971 0.998789 -0
    outer loop
      vertex 28.125 24.625 16
      vertex 27.7819 24.6419 17.2
      vertex 28.125 24.625 17.2
    endloop
  endfacet
  facet normal 0.0491971 0.998789 0
    outer loop
      vertex 27.7819 24.6419 17.2
      vertex 28.125 24.625 16
      vertex 27.7819 24.6419 16
    endloop
  endfacet
  facet normal 0.970074 -0.24281 0
    outer loop
      vertex 24.6923 28.8078 17.2
      vertex 24.7757 29.141 16
      vertex 24.7757 29.141 17.2
    endloop
  endfacet
  facet normal 0.970074 -0.24281 0
    outer loop
      vertex 24.7757 29.141 16
      vertex 24.6923 28.8078 17.2
      vertex 24.6923 28.8078 16
    endloop
  endfacet
  facet normal 0.595659 -0.803237 0
    outer loop
      vertex 25.9046 30.8305 16
      vertex 26.1805 31.0351 17.2
      vertex 25.9046 30.8305 17.2
    endloop
  endfacet
  facet normal 0.595659 -0.803237 0
    outer loop
      vertex 26.1805 31.0351 17.2
      vertex 25.9046 30.8305 16
      vertex 26.1805 31.0351 16
    endloop
  endfacet
  facet normal -0.0491971 -0.998789 0
    outer loop
      vertex 28.125 31.625 16
      vertex 28.4681 31.6081 17.2
      vertex 28.125 31.625 17.2
    endloop
  endfacet
  facet normal -0.0491971 -0.998789 -0
    outer loop
      vertex 28.4681 31.6081 17.2
      vertex 28.125 31.625 16
      vertex 28.4681 31.6081 16
    endloop
  endfacet
  facet normal 0.803237 -0.595659 0
    outer loop
      vertex 25.2149 30.0695 17.2
      vertex 25.4195 30.3454 16
      vertex 25.4195 30.3454 17.2
    endloop
  endfacet
  facet normal 0.803237 -0.595659 0
    outer loop
      vertex 25.4195 30.3454 16
      vertex 25.2149 30.0695 17.2
      vertex 25.2149 30.0695 16
    endloop
  endfacet
  facet normal 0.903939 -0.427661 0
    outer loop
      vertex 24.8914 29.4644 17.2
      vertex 25.0383 29.7749 16
      vertex 25.0383 29.7749 17.2
    endloop
  endfacet
  facet normal 0.903939 -0.427661 0
    outer loop
      vertex 25.0383 29.7749 16
      vertex 24.8914 29.4644 17.2
      vertex 24.8914 29.4644 16
    endloop
  endfacet
  facet normal -0.970074 0.24281 0
    outer loop
      vertex 31.4743 27.109 16
      vertex 31.5577 27.4422 17.2
      vertex 31.5577 27.4422 16
    endloop
  endfacet
  facet normal -0.970074 0.24281 0
    outer loop
      vertex 31.5577 27.4422 17.2
      vertex 31.4743 27.109 16
      vertex 31.4743 27.109 17.2
    endloop
  endfacet
  facet normal 0.427661 -0.903939 0
    outer loop
      vertex 26.4751 31.2117 16
      vertex 26.7856 31.3586 17.2
      vertex 26.4751 31.2117 17.2
    endloop
  endfacet
  facet normal 0.427661 -0.903939 0
    outer loop
      vertex 26.7856 31.3586 17.2
      vertex 26.4751 31.2117 16
      vertex 26.7856 31.3586 16
    endloop
  endfacet
  facet normal -0.803237 -0.595659 0
    outer loop
      vertex 31.0351 30.0695 16
      vertex 30.8305 30.3454 17.2
      vertex 30.8305 30.3454 16
    endloop
  endfacet
  facet normal -0.803237 -0.595659 0
    outer loop
      vertex 30.8305 30.3454 17.2
      vertex 31.0351 30.0695 16
      vertex 31.0351 30.0695 17.2
    endloop
  endfacet
  facet normal -0.427661 -0.903939 0
    outer loop
      vertex 29.4644 31.3586 16
      vertex 29.7749 31.2117 17.2
      vertex 29.4644 31.3586 17.2
    endloop
  endfacet
  facet normal -0.427661 -0.903939 -0
    outer loop
      vertex 29.7749 31.2117 17.2
      vertex 29.4644 31.3586 16
      vertex 29.7749 31.2117 16
    endloop
  endfacet
  facet normal -0.989172 0.14676 0
    outer loop
      vertex 31.5577 27.4422 16
      vertex 31.6081 27.7819 17.2
      vertex 31.6081 27.7819 16
    endloop
  endfacet
  facet normal -0.989172 0.14676 0
    outer loop
      vertex 31.6081 27.7819 17.2
      vertex 31.5577 27.4422 16
      vertex 31.5577 27.4422 17.2
    endloop
  endfacet
  facet normal 0.903939 0.427661 0
    outer loop
      vertex 25.0383 26.4751 17.2
      vertex 24.8914 26.7856 16
      vertex 24.8914 26.7856 17.2
    endloop
  endfacet
  facet normal 0.903939 0.427661 0
    outer loop
      vertex 24.8914 26.7856 16
      vertex 25.0383 26.4751 17.2
      vertex 25.0383 26.4751 16
    endloop
  endfacet
  facet normal -0.970074 -0.24281 0
    outer loop
      vertex 31.5577 28.8078 16
      vertex 31.4743 29.141 17.2
      vertex 31.4743 29.141 16
    endloop
  endfacet
  facet normal -0.970074 -0.24281 0
    outer loop
      vertex 31.4743 29.141 17.2
      vertex 31.5577 28.8078 16
      vertex 31.5577 28.8078 17.2
    endloop
  endfacet
  facet normal -0.514153 -0.857698 0
    outer loop
      vertex 29.7749 31.2117 16
      vertex 30.0695 31.0351 17.2
      vertex 29.7749 31.2117 17.2
    endloop
  endfacet
  facet normal -0.514153 -0.857698 -0
    outer loop
      vertex 30.0695 31.0351 17.2
      vertex 29.7749 31.2117 16
      vertex 30.0695 31.0351 16
    endloop
  endfacet
  facet normal 0.998789 0.0491971 0
    outer loop
      vertex 24.6419 27.7819 17.2
      vertex 24.625 28.125 16
      vertex 24.625 28.125 17.2
    endloop
  endfacet
  facet normal 0.998789 0.0491971 0
    outer loop
      vertex 24.625 28.125 16
      vertex 24.6419 27.7819 17.2
      vertex 24.6419 27.7819 16
    endloop
  endfacet
  facet normal -0.0491971 0.998789 0
    outer loop
      vertex 28.4681 24.6419 16
      vertex 28.125 24.625 17.2
      vertex 28.4681 24.6419 17.2
    endloop
  endfacet
  facet normal -0.0491971 0.998789 0
    outer loop
      vertex 28.125 24.625 17.2
      vertex 28.4681 24.6419 16
      vertex 28.125 24.625 16
    endloop
  endfacet
  facet normal -0.803237 0.595659 0
    outer loop
      vertex 30.8305 25.9046 16
      vertex 31.0351 26.1805 17.2
      vertex 31.0351 26.1805 16
    endloop
  endfacet
  facet normal -0.803237 0.595659 0
    outer loop
      vertex 31.0351 26.1805 17.2
      vertex 30.8305 25.9046 16
      vertex 30.8305 25.9046 17.2
    endloop
  endfacet
  facet normal 0.336853 0.941557 -0
    outer loop
      vertex 27.109 24.7757 16
      vertex 26.7856 24.8914 17.2
      vertex 27.109 24.7757 17.2
    endloop
  endfacet
  facet normal 0.336853 0.941557 0
    outer loop
      vertex 26.7856 24.8914 17.2
      vertex 27.109 24.7757 16
      vertex 26.7856 24.8914 16
    endloop
  endfacet
  facet normal 0.857698 0.514153 0
    outer loop
      vertex 25.2149 26.1805 17.2
      vertex 25.0383 26.4751 16
      vertex 25.0383 26.4751 17.2
    endloop
  endfacet
  facet normal 0.857698 0.514153 0
    outer loop
      vertex 25.0383 26.4751 16
      vertex 25.2149 26.1805 17.2
      vertex 25.2149 26.1805 16
    endloop
  endfacet
  facet normal -0.24281 -0.970074 0
    outer loop
      vertex 28.8078 31.5577 16
      vertex 29.141 31.4743 17.2
      vertex 28.8078 31.5577 17.2
    endloop
  endfacet
  facet normal -0.24281 -0.970074 -0
    outer loop
      vertex 29.141 31.4743 17.2
      vertex 28.8078 31.5577 16
      vertex 29.141 31.4743 16
    endloop
  endfacet
  facet normal -0.514153 0.857698 0
    outer loop
      vertex 30.0695 25.2149 16
      vertex 29.7749 25.0383 17.2
      vertex 30.0695 25.2149 17.2
    endloop
  endfacet
  facet normal -0.514153 0.857698 0
    outer loop
      vertex 29.7749 25.0383 17.2
      vertex 30.0695 25.2149 16
      vertex 29.7749 25.0383 16
    endloop
  endfacet
  facet normal 0.671454 0.741046 -0
    outer loop
      vertex 25.9046 25.4195 16
      vertex 25.6501 25.6501 17.2
      vertex 25.9046 25.4195 17.2
    endloop
  endfacet
  facet normal 0.671454 0.741046 0
    outer loop
      vertex 25.6501 25.6501 17.2
      vertex 25.9046 25.4195 16
      vertex 25.6501 25.6501 16
    endloop
  endfacet
  facet normal 0.24281 0.970074 -0
    outer loop
      vertex 27.4422 24.6923 16
      vertex 27.109 24.7757 17.2
      vertex 27.4422 24.6923 17.2
    endloop
  endfacet
  facet normal 0.24281 0.970074 0
    outer loop
      vertex 27.109 24.7757 17.2
      vertex 27.4422 24.6923 16
      vertex 27.109 24.7757 16
    endloop
  endfacet
  facet normal 0.803237 0.595659 0
    outer loop
      vertex 25.4195 25.9046 17.2
      vertex 25.2149 26.1805 16
      vertex 25.2149 26.1805 17.2
    endloop
  endfacet
  facet normal 0.803237 0.595659 0
    outer loop
      vertex 25.2149 26.1805 16
      vertex 25.4195 25.9046 17.2
      vertex 25.4195 25.9046 16
    endloop
  endfacet
  facet normal -0.671454 -0.741046 0
    outer loop
      vertex 30.3454 30.8305 16
      vertex 30.5999 30.5999 17.2
      vertex 30.3454 30.8305 17.2
    endloop
  endfacet
  facet normal -0.671454 -0.741046 -0
    outer loop
      vertex 30.5999 30.5999 17.2
      vertex 30.3454 30.8305 16
      vertex 30.5999 30.5999 16
    endloop
  endfacet
  facet normal -0.595659 -0.803237 0
    outer loop
      vertex 30.0695 31.0351 16
      vertex 30.3454 30.8305 17.2
      vertex 30.0695 31.0351 17.2
    endloop
  endfacet
  facet normal -0.595659 -0.803237 -0
    outer loop
      vertex 30.3454 30.8305 17.2
      vertex 30.0695 31.0351 16
      vertex 30.3454 30.8305 16
    endloop
  endfacet
  facet normal 0.941557 0.336853 0
    outer loop
      vertex 24.8914 26.7856 17.2
      vertex 24.7757 27.109 16
      vertex 24.7757 27.109 17.2
    endloop
  endfacet
  facet normal 0.941557 0.336853 0
    outer loop
      vertex 24.7757 27.109 16
      vertex 24.8914 26.7856 17.2
      vertex 24.8914 26.7856 16
    endloop
  endfacet
  facet normal -0.741046 -0.671454 0
    outer loop
      vertex 30.8305 30.3454 16
      vertex 30.5999 30.5999 17.2
      vertex 30.5999 30.5999 16
    endloop
  endfacet
  facet normal -0.741046 -0.671454 0
    outer loop
      vertex 30.5999 30.5999 17.2
      vertex 30.8305 30.3454 16
      vertex 30.8305 30.3454 17.2
    endloop
  endfacet
  facet normal 0.336853 -0.941557 0
    outer loop
      vertex 26.7856 31.3586 16
      vertex 27.109 31.4743 17.2
      vertex 26.7856 31.3586 17.2
    endloop
  endfacet
  facet normal 0.336853 -0.941557 0
    outer loop
      vertex 27.109 31.4743 17.2
      vertex 26.7856 31.3586 16
      vertex 27.109 31.4743 16
    endloop
  endfacet
  facet normal 0.989172 -0.14676 0
    outer loop
      vertex 24.6419 28.4681 17.2
      vertex 24.6923 28.8078 16
      vertex 24.6923 28.8078 17.2
    endloop
  endfacet
  facet normal 0.989172 -0.14676 0
    outer loop
      vertex 24.6923 28.8078 16
      vertex 24.6419 28.4681 17.2
      vertex 24.6419 28.4681 16
    endloop
  endfacet
  facet normal 0.595659 0.803237 -0
    outer loop
      vertex 26.1805 25.2149 16
      vertex 25.9046 25.4195 17.2
      vertex 26.1805 25.2149 17.2
    endloop
  endfacet
  facet normal 0.595659 0.803237 0
    outer loop
      vertex 25.9046 25.4195 17.2
      vertex 26.1805 25.2149 16
      vertex 25.9046 25.4195 16
    endloop
  endfacet
  facet normal 0.14676 0.989172 -0
    outer loop
      vertex 27.7819 24.6419 16
      vertex 27.4422 24.6923 17.2
      vertex 27.7819 24.6419 17.2
    endloop
  endfacet
  facet normal 0.14676 0.989172 0
    outer loop
      vertex 27.4422 24.6923 17.2
      vertex 27.7819 24.6419 16
      vertex 27.4422 24.6923 16
    endloop
  endfacet
  facet normal 0.741046 0.671454 0
    outer loop
      vertex 25.6501 25.6501 17.2
      vertex 25.4195 25.9046 16
      vertex 25.4195 25.9046 17.2
    endloop
  endfacet
  facet normal 0.741046 0.671454 0
    outer loop
      vertex 25.4195 25.9046 16
      vertex 25.6501 25.6501 17.2
      vertex 25.6501 25.6501 16
    endloop
  endfacet
  facet normal -0.433866 0.900977 0
    outer loop
      vertex -39.025 41.025 0
      vertex -40.5887 40.272 17.2
      vertex -39.025 41.025 17.2
    endloop
  endfacet
  facet normal -0.433866 0.900977 0
    outer loop
      vertex -40.5887 40.272 17.2
      vertex -39.025 41.025 0
      vertex -40.5887 40.272 0
    endloop
  endfacet
  facet normal -0.900977 -0.433866 0
    outer loop
      vertex -40.272 -40.5887 0
      vertex -41.025 -39.025 17.2
      vertex -41.025 -39.025 0
    endloop
  endfacet
  facet normal -0.900977 -0.433866 0
    outer loop
      vertex -41.025 -39.025 17.2
      vertex -40.272 -40.5887 0
      vertex -40.272 -40.5887 17.2
    endloop
  endfacet
  facet normal 0 -1 0
    outer loop
      vertex -39.025 -41.025 0
      vertex 39.025 -41.025 17.2
      vertex -39.025 -41.025 17.2
    endloop
  endfacet
  facet normal 0 -1 -0
    outer loop
      vertex 39.025 -41.025 17.2
      vertex -39.025 -41.025 0
      vertex 39.025 -41.025 0
    endloop
  endfacet
  facet normal 0.433866 -0.900977 0
    outer loop
      vertex 39.025 -41.025 0
      vertex 40.5887 -40.272 17.2
      vertex 39.025 -41.025 17.2
    endloop
  endfacet
  facet normal 0.433866 -0.900977 0
    outer loop
      vertex 40.5887 -40.272 17.2
      vertex 39.025 -41.025 0
      vertex 40.5887 -40.272 0
    endloop
  endfacet
  facet normal -1 0 0
    outer loop
      vertex -41.025 -39.025 0
      vertex -41.025 39.025 17.2
      vertex -41.025 39.025 0
    endloop
  endfacet
  facet normal -1 -0 0
    outer loop
      vertex -41.025 39.025 17.2
      vertex -41.025 -39.025 0
      vertex -41.025 -39.025 17.2
    endloop
  endfacet
  facet normal -0 0 1
    outer loop
      vertex -35.025 -16.275 17.2
      vertex -21.225 -21.225 17.2
      vertex -21.225 -16.275 17.2
    endloop
  endfacet
  facet normal 0 0 1
    outer loop
      vertex -21.225 -21.225 17.2
      vertex -35.025 -16.275 17.2
      vertex -35.025 -21.225 17.2
    endloop
  endfacet
  facet normal -0 0 1
    outer loop
      vertex -35.025 2.475 17.2
      vertex -21.225 -2.475 17.2
      vertex -21.225 2.475 17.2
    endloop
  endfacet
  facet normal 0 0 1
    outer loop
      vertex -21.225 -2.475 17.2
      vertex -35.025 2.475 17.2
      vertex -35.025 -2.475 17.2
    endloop
  endfacet
  facet normal -0 0 1
    outer loop
      vertex -35.025 21.225 17.2
      vertex -21.225 16.275 17.2
      vertex -21.225 21.225 17.2
    endloop
  endfacet
  facet normal 0 0 1
    outer loop
      vertex -21.225 16.275 17.2
      vertex -35.025 21.225 17.2
      vertex -35.025 16.275 17.2
    endloop
  endfacet
  facet normal -0 0 1
    outer loop
      vertex -16.275 -16.275 17.2
      vertex -2.475 -21.225 17.2
      vertex -2.475 -16.275 17.2
    endloop
  endfacet
  facet normal 0 0 1
    outer loop
      vertex -2.475 -21.225 17.2
      vertex -16.275 -16.275 17.2
      vertex -16.275 -21.225 17.2
    endloop
  endfacet
  facet normal -0 0 1
    outer loop
      vertex -16.275 2.475 17.2
      vertex -2.475 -2.475 17.2
      vertex -2.475 2.475 17.2
    endloop
  endfacet
  facet normal 0 0 1
    outer loop
      vertex -2.475 -2.475 17.2
      vertex -16.275 2.475 17.2
      vertex -16.275 -2.475 17.2
    endloop
  endfacet
  facet normal -0 0 1
    outer loop
      vertex -16.275 21.225 17.2
      vertex -2.475 16.275 17.2
      vertex -2.475 21.225 17.2
    endloop
  endfacet
  facet normal 0 0 1
    outer loop
      vertex -2.475 16.275 17.2
      vertex -16.275 21.225 17.2
      vertex -16.275 16.275 17.2
    endloop
  endfacet
  facet normal -0 0 1
    outer loop
      vertex 2.475 -16.275 17.2
      vertex 16.275 -21.225 17.2
      vertex 16.275 -16.275 17.2
    endloop
  endfacet
  facet normal 0 0 1
    outer loop
      vertex 16.275 -21.225 17.2
      vertex 2.475 -16.275 17.2
      vertex 2.475 -21.225 17.2
    endloop
  endfacet
  facet normal -0 0 1
    outer loop
      vertex 2.475 2.475 17.2
      vertex 16.275 -2.475 17.2
      vertex 16.275 2.475 17.2
    endloop
  endfacet
  facet normal 0 0 1
    outer loop
      vertex 16.275 -2.475 17.2
      vertex 2.475 2.475 17.2
      vertex 2.475 -2.475 17.2
    endloop
  endfacet
  facet normal -0 0 1
    outer loop
      vertex 2.475 21.225 17.2
      vertex 16.275 16.275 17.2
      vertex 16.275 21.225 17.2
    endloop
  endfacet
  facet normal 0 0 1
    outer loop
      vertex 16.275 16.275 17.2
      vertex 2.475 21.225 17.2
      vertex 2.475 16.275 17.2
    endloop
  endfacet
  facet normal -0 0 1
    outer loop
      vertex 21.225 -16.275 17.2
      vertex 35.025 -21.225 17.2
      vertex 35.025 -16.275 17.2
    endloop
  endfacet
  facet normal 0 0 1
    outer loop
      vertex 35.025 -21.225 17.2
      vertex 21.225 -16.275 17.2
      vertex 21.225 -21.225 17.2
    endloop
  endfacet
  facet normal -0 0 1
    outer loop
      vertex 21.225 2.475 17.2
      vertex 35.025 -2.475 17.2
      vertex 35.025 2.475 17.2
    endloop
  endfacet
  facet normal 0 0 1
    outer loop
      vertex 35.025 -2.475 17.2
      vertex 21.225 2.475 17.2
      vertex 21.225 -2.475 17.2
    endloop
  endfacet
  facet normal -0 0 1
    outer loop
      vertex 35.025 -2.475 17.2
      vertex 41.025 -39.025 17.2
      vertex 41.025 39.025 17.2
    endloop
  endfacet
  facet normal 0 0 1
    outer loop
      vertex 39.025 41.025 17.2
      vertex 41.025 39.025 17.2
      vertex 40.272 40.5887 17.2
    endloop
  endfacet
  facet normal 0 0 1
    outer loop
      vertex 30.5999 30.5999 17.2
      vertex 41.025 39.025 17.2
      vertex 39.025 41.025 17.2
    endloop
  endfacet
  facet normal 0 0 1
    outer loop
      vertex 35.025 -2.475 17.2
      vertex 41.025 39.025 17.2
      vertex 35.025 2.475 17.2
    endloop
  endfacet
  facet normal 0 0 1
    outer loop
      vertex 41.025 39.025 17.2
      vertex 35.025 16.275 17.2
      vertex 35.025 2.475 17.2
    endloop
  endfacet
  facet normal 0 0 1
    outer loop
      vertex 41.025 39.025 17.2
      vertex 31.625 28.125 17.2
      vertex 31.6081 27.7819 17.2
    endloop
  endfacet
  facet normal 0 0 1
    outer loop
      vertex 41.025 39.025 17.2
      vertex 31.6081 28.4681 17.2
      vertex 31.625 28.125 17.2
    endloop
  endfacet
  facet normal 0 0 1
    outer loop
      vertex 41.025 39.025 17.2
      vertex 31.5577 28.8078 17.2
      vertex 31.6081 28.4681 17.2
    endloop
  endfacet
  facet normal 0 0 1
    outer loop
      vertex 41.025 39.025 17.2
      vertex 31.4743 29.141 17.2
      vertex 31.5577 28.8078 17.2
    endloop
  endfacet
  facet normal 0 0 1
    outer loop
      vertex 41.025 39.025 17.2
      vertex 31.3586 29.4644 17.2
      vertex 31.4743 29.141 17.2
    endloop
  endfacet
  facet normal 0 0 1
    outer loop
      vertex 41.025 39.025 17.2
      vertex 31.2117 29.7749 17.2
      vertex 31.3586 29.4644 17.2
    endloop
  endfacet
  facet normal 0 0 1
    outer loop
      vertex 41.025 39.025 17.2
      vertex 31.0351 30.0695 17.2
      vertex 31.2117 29.7749 17.2
    endloop
  endfacet
  facet normal 0 0 1
    outer loop
      vertex 41.025 39.025 17.2
      vertex 30.8305 30.3454 17.2
      vertex 31.0351 30.0695 17.2
    endloop
  endfacet
  facet normal 0 0 1
    outer loop
      vertex 41.025 39.025 17.2
      vertex 30.5999 30.5999 17.2
      vertex 30.8305 30.3454 17.2
    endloop
  endfacet
  facet normal 0 0 1
    outer loop
      vertex 39.025 41.025 17.2
      vertex 30.3454 30.8305 17.2
      vertex 30.5999 30.5999 17.2
    endloop
  endfacet
  facet normal 0 0 1
    outer loop
      vertex 39.025 41.025 17.2
      vertex 30.0695 31.0351 17.2
      vertex 30.3454 30.8305 17.2
    endloop
  endfacet
  facet normal 0 0 1
    outer loop
      vertex 39.025 41.025 17.2
      vertex 29.7749 31.2117 17.2
      vertex 30.0695 31.0351 17.2
    endloop
  endfacet
  facet normal 0 0 1
    outer loop
      vertex 39.025 41.025 17.2
      vertex 29.4644 31.3586 17.2
      vertex 29.7749 31.2117 17.2
    endloop
  endfacet
  facet normal 0 0 1
    outer loop
      vertex 39.025 41.025 17.2
      vertex 29.141 31.4743 17.2
      vertex 29.4644 31.3586 17.2
    endloop
  endfacet
  facet normal 0 0 1
    outer loop
      vertex 39.025 41.025 17.2
      vertex 28.8078 31.5577 17.2
      vertex 29.141 31.4743 17.2
    endloop
  endfacet
  facet normal 0 0 1
    outer loop
      vertex 39.025 41.025 17.2
      vertex 28.4681 31.6081 17.2
      vertex 28.8078 31.5577 17.2
    endloop
  endfacet
  facet normal 0 0 1
    outer loop
      vertex 39.025 41.025 17.2
      vertex 28.125 31.625 17.2
      vertex 28.4681 31.6081 17.2
    endloop
  endfacet
  facet normal 0 0 1
    outer loop
      vertex 39.025 41.025 17.2
      vertex 27.7819 31.6081 17.2
      vertex 28.125 31.625 17.2
    endloop
  endfacet
  facet normal 0 0 1
    outer loop
      vertex 39.025 41.025 17.2
      vertex 27.4422 31.5577 17.2
      vertex 27.7819 31.6081 17.2
    endloop
  endfacet
  facet normal -0 0 1
    outer loop
      vertex 16.275 35.025 17.2
      vertex 27.4422 31.5577 17.2
      vertex 39.025 41.025 17.2
    endloop
  endfacet
  facet normal 0 0 1
    outer loop
      vertex 27.4422 31.5577 17.2
      vertex 16.275 35.025 17.2
      vertex 27.109 31.4743 17.2
    endloop
  endfacet
  facet normal 0 0 1
    outer loop
      vertex 27.109 31.4743 17.2
      vertex 16.275 35.025 17.2
      vertex 26.7856 31.3586 17.2
    endloop
  endfacet
  facet normal 0 0 1
    outer loop
      vertex 26.7856 31.3586 17.2
      vertex 16.275 35.025 17.2
      vertex 26.4751 31.2117 17.2
    endloop
  endfacet
  facet normal 0 0 1
    outer loop
      vertex 26.4751 31.2117 17.2
      vertex 16.275 35.025 17.2
      vertex 26.1805 31.0351 17.2
    endloop
  endfacet
  facet normal 0 0 1
    outer loop
      vertex 16.275 35.025 17.2
      vertex 24.625 28.125 17.2
      vertex 24.6419 28.4681 17.2
    endloop
  endfacet
  facet normal 0 0 1
    outer loop
      vertex 16.275 35.025 17.2
      vertex 24.6419 28.4681 17.2
      vertex 24.6923 28.8078 17.2
    endloop
  endfacet
  facet normal 0 0 1
    outer loop
      vertex 16.275 35.025 17.2
      vertex 24.6923 28.8078 17.2
      vertex 24.7757 29.141 17.2
    endloop
  endfacet
  facet normal 0 0 1
    outer loop
      vertex 16.275 2.475 17.2
      vertex 21.225 2.475 17.2
      vertex 21.225 16.275 17.2
    endloop
  endfacet
  facet normal 0 0 1
    outer loop
      vertex 21.225 2.475 17.2
      vertex 16.275 2.475 17.2
      vertex 21.225 -2.475 17.2
    endloop
  endfacet
  facet normal 0 0 1
    outer loop
      vertex 21.225 -2.475 17.2
      vertex 16.275 -2.475 17.2
      vertex 21.225 -16.275 17.2
    endloop
  endfacet
  facet normal 0 0 1
    outer loop
      vertex 16.275 -16.275 17.2
      vertex 21.225 -16.275 17.2
      vertex 16.275 -2.475 17.2
    endloop
  endfacet
  facet normal 0 0 1
    outer loop
      vertex 24.625 28.125 17.2
      vertex 16.275 21.225 17.2
      vertex 21.225 16.275 17.2
    endloop
  endfacet
  facet normal 0 0 1
    outer loop
      vertex 24.625 28.125 17.2
      vertex 16.275 35.025 17.2
      vertex 16.275 21.225 17.2
    endloop
  endfacet
  facet normal 0 0 1
    outer loop
      vertex 24.8914 29.4644 17.2
      vertex 16.275 35.025 17.2
      vertex 24.7757 29.141 17.2
    endloop
  endfacet
  facet normal 0 0 1
    outer loop
      vertex 25.0383 29.7749 17.2
      vertex 16.275 35.025 17.2
      vertex 24.8914 29.4644 17.2
    endloop
  endfacet
  facet normal 0 0 1
    outer loop
      vertex 25.2149 30.0695 17.2
      vertex 16.275 35.025 17.2
      vertex 25.0383 29.7749 17.2
    endloop
  endfacet
  facet normal 0 0 1
    outer loop
      vertex 25.4195 30.3454 17.2
      vertex 16.275 35.025 17.2
      vertex 25.2149 30.0695 17.2
    endloop
  endfacet
  facet normal 0 0 1
    outer loop
      vertex 25.6501 30.5999 17.2
      vertex 16.275 35.025 17.2
      vertex 25.4195 30.3454 17.2
    endloop
  endfacet
  facet normal 0 0 1
    outer loop
      vertex 25.9046 30.8305 17.2
      vertex 16.275 35.025 17.2
      vertex 25.6501 30.5999 17.2
    endloop
  endfacet
  facet normal 0 0 1
    outer loop
      vertex 26.1805 31.0351 17.2
      vertex 16.275 35.025 17.2
      vertex 25.9046 30.8305 17.2
    endloop
  endfacet
  facet normal 0 0 1
    outer loop
      vertex 39.025 41.025 17.2
      vertex 2.475 35.025 17.2
      vertex 16.275 35.025 17.2
    endloop
  endfacet
  facet normal 0 0 1
    outer loop
      vertex -2.475 21.225 17.2
      vertex 2.475 21.225 17.2
      vertex 2.475 35.025 17.2
    endloop
  endfacet
  facet normal 0 0 1
    outer loop
      vertex 2.475 21.225 17.2
      vertex -2.475 21.225 17.2
      vertex 2.475 16.275 17.2
    endloop
  endfacet
  facet normal 0 0 1
    outer loop
      vertex 2.475 16.275 17.2
      vertex -2.475 16.275 17.2
      vertex 2.475 2.475 17.2
    endloop
  endfacet
  facet normal 0 0 1
    outer loop
      vertex -2.475 2.475 17.2
      vertex 2.475 2.475 17.2
      vertex -2.475 16.275 17.2
    endloop
  endfacet
  facet normal 0 0 1
    outer loop
      vertex -2.475 -2.475 17.2
      vertex 2.475 -2.475 17.2
      vertex -2.475 2.475 17.2
    endloop
  endfacet
  facet normal 0 0 1
    outer loop
      vertex 2.475 -2.475 17.2
      vertex -2.475 -2.475 17.2
      vertex 2.475 -16.275 17.2
    endloop
  endfacet
  facet normal 0 0 1
    outer loop
      vertex -2.475 21.225 17.2
      vertex 2.475 35.025 17.2
      vertex -2.475 35.025 17.2
    endloop
  endfacet
  facet normal 0 0 1
    outer loop
      vertex 39.025 41.025 17.2
      vertex -2.475 35.025 17.2
      vertex 2.475 35.025 17.2
    endloop
  endfacet
  facet normal -0 0 1
    outer loop
      vertex -39.025 41.025 17.2
      vertex -2.475 35.025 17.2
      vertex 39.025 41.025 17.2
    endloop
  endfacet
  facet normal 0 0 1
    outer loop
      vertex -21.225 21.225 17.2
      vertex -16.275 21.225 17.2
      vertex -16.275 35.025 17.2
    endloop
  endfacet
  facet normal 0 0 1
    outer loop
      vertex -16.275 21.225 17.2
      vertex -21.225 21.225 17.2
      vertex -16.275 16.275 17.2
    endloop
  endfacet
  facet normal 0 0 1
    outer loop
      vertex -16.275 16.275 17.2
      vertex -21.225 16.275 17.2
      vertex -16.275 2.475 17.2
    endloop
  endfacet
  facet normal 0 0 1
    outer loop
      vertex -21.225 2.475 17.2
      vertex -16.275 2.475 17.2
      vertex -21.225 16.275 17.2
    endloop
  endfacet
  facet normal 0 0 1
    outer loop
      vertex -21.225 -2.475 17.2
      vertex -16.275 -2.475 17.2
      vertex -21.225 2.475 17.2
    endloop
  endfacet
  facet normal 0 0 1
    outer loop
      vertex -16.275 -2.475 17.2
      vertex -21.225 -2.475 17.2
      vertex -16.275 -16.275 17.2
    endloop
  endfacet
  facet normal 0 0 1
    outer loop
      vertex -21.225 21.225 17.2
      vertex -16.275 35.025 17.2
      vertex -21.225 35.025 17.2
    endloop
  endfacet
  facet normal 0 0 1
    outer loop
      vertex -2.475 35.025 17.2
      vertex -39.025 41.025 17.2
      vertex -16.275 35.025 17.2
    endloop
  endfacet
  facet normal 0 0 1
    outer loop
      vertex -16.275 35.025 17.2
      vertex -39.025 41.025 17.2
      vertex -21.225 35.025 17.2
    endloop
  endfacet
  facet normal 0 0 1
    outer loop
      vertex -41.025 39.025 17.2
      vertex -35.025 21.225 17.2
      vertex -35.025 35.025 17.2
    endloop
  endfacet
  facet normal 0 0 1
    outer loop
      vertex -35.025 21.225 17.2
      vertex -41.025 39.025 17.2
      vertex -35.025 16.275 17.2
    endloop
  endfacet
  facet normal 0 0 1
    outer loop
      vertex -35.025 16.275 17.2
      vertex -41.025 39.025 17.2
      vertex -35.025 2.475 17.2
    endloop
  endfacet
  facet normal 0 0 1
    outer loop
      vertex -35.025 2.475 17.2
      vertex -41.025 39.025 17.2
      vertex -35.025 -2.475 17.2
    endloop
  endfacet
  facet normal 0 0 1
    outer loop
      vertex -41.025 -39.025 17.2
      vertex -35.025 -2.475 17.2
      vertex -41.025 39.025 17.2
    endloop
  endfacet
  facet normal 0 0 1
    outer loop
      vertex -35.025 -2.475 17.2
      vertex -41.025 -39.025 17.2
      vertex -35.025 -16.275 17.2
    endloop
  endfacet
  facet normal -0 0 1
    outer loop
      vertex -41.025 39.025 17.2
      vertex -35.025 35.025 17.2
      vertex -39.025 41.025 17.2
    endloop
  endfacet
  facet normal 0 0 1
    outer loop
      vertex -21.225 35.025 17.2
      vertex -39.025 41.025 17.2
      vertex -35.025 35.025 17.2
    endloop
  endfacet
  facet normal -0 0 1
    outer loop
      vertex 35.025 -16.275 17.2
      vertex 41.025 -39.025 17.2
      vertex 35.025 -2.475 17.2
    endloop
  endfacet
  facet normal -0 0 1
    outer loop
      vertex 35.025 -21.225 17.2
      vertex 41.025 -39.025 17.2
      vertex 35.025 -16.275 17.2
    endloop
  endfacet
  facet normal -0 0 1
    outer loop
      vertex 35.025 -35.025 17.2
      vertex 41.025 -39.025 17.2
      vertex 35.025 -21.225 17.2
    endloop
  endfacet
  facet normal 0 -0 1
    outer loop
      vertex 39.025 -41.025 17.2
      vertex 41.025 -39.025 17.2
      vertex 35.025 -35.025 17.2
    endloop
  endfacet
  facet normal 0 0 1
    outer loop
      vertex 41.025 -39.025 17.2
      vertex 39.025 -41.025 17.2
      vertex 40.5887 -40.272 17.2
    endloop
  endfacet
  facet normal -0 0 1
    outer loop
      vertex 21.225 -35.025 17.2
      vertex 39.025 -41.025 17.2
      vertex 35.025 -35.025 17.2
    endloop
  endfacet
  facet normal 0 0 1
    outer loop
      vertex 16.275 16.275 17.2
      vertex 21.225 16.275 17.2
      vertex 16.275 21.225 17.2
    endloop
  endfacet
  facet normal 0 0 1
    outer loop
      vertex 16.275 2.475 17.2
      vertex 21.225 16.275 17.2
      vertex 16.275 16.275 17.2
    endloop
  endfacet
  facet normal 0 0 1
    outer loop
      vertex 21.225 -2.475 17.2
      vertex 16.275 2.475 17.2
      vertex 16.275 -2.475 17.2
    endloop
  endfacet
  facet normal 0 0 1
    outer loop
      vertex 21.225 -16.275 17.2
      vertex 16.275 -16.275 17.2
      vertex 21.225 -21.225 17.2
    endloop
  endfacet
  facet normal 0 0 1
    outer loop
      vertex 16.275 -21.225 17.2
      vertex 21.225 -21.225 17.2
      vertex 16.275 -16.275 17.2
    endloop
  endfacet
  facet normal 0 0 1
    outer loop
      vertex 21.225 -21.225 17.2
      vertex 16.275 -21.225 17.2
      vertex 21.225 -35.025 17.2
    endloop
  endfacet
  facet normal 0 0 1
    outer loop
      vertex 16.275 -35.025 17.2
      vertex 21.225 -35.025 17.2
      vertex 16.275 -21.225 17.2
    endloop
  endfacet
  facet normal -0 0 1
    outer loop
      vertex 16.275 -35.025 17.2
      vertex 39.025 -41.025 17.2
      vertex 21.225 -35.025 17.2
    endloop
  endfacet
  facet normal -0 0 1
    outer loop
      vertex 2.475 -35.025 17.2
      vertex 39.025 -41.025 17.2
      vertex 16.275 -35.025 17.2
    endloop
  endfacet
  facet normal 0 0 1
    outer loop
      vertex 2.475 16.275 17.2
      vertex -2.475 21.225 17.2
      vertex -2.475 16.275 17.2
    endloop
  endfacet
  facet normal 0 0 1
    outer loop
      vertex 2.475 2.475 17.2
      vertex -2.475 2.475 17.2
      vertex 2.475 -2.475 17.2
    endloop
  endfacet
  facet normal 0 0 1
    outer loop
      vertex -2.475 -16.275 17.2
      vertex 2.475 -16.275 17.2
      vertex -2.475 -2.475 17.2
    endloop
  endfacet
  facet normal 0 0 1
    outer loop
      vertex 2.475 -16.275 17.2
      vertex -2.475 -16.275 17.2
      vertex 2.475 -21.225 17.2
    endloop
  endfacet
  facet normal 0 0 1
    outer loop
      vertex -2.475 -21.225 17.2
      vertex 2.475 -21.225 17.2
      vertex -2.475 -16.275 17.2
    endloop
  endfacet
  facet normal 0 0 1
    outer loop
      vertex 2.475 -21.225 17.2
      vertex -2.475 -21.225 17.2
      vertex 2.475 -35.025 17.2
    endloop
  endfacet
  facet normal 0 0 1
    outer loop
      vertex -2.475 -35.025 17.2
      vertex 2.475 -35.025 17.2
      vertex -2.475 -21.225 17.2
    endloop
  endfacet
  facet normal -0 0 1
    outer loop
      vertex -2.475 -35.025 17.2
      vertex 39.025 -41.025 17.2
      vertex 2.475 -35.025 17.2
    endloop
  endfacet
  facet normal 0 0 1
    outer loop
      vertex -39.025 -41.025 17.2
      vertex -2.475 -35.025 17.2
      vertex -16.275 -35.025 17.2
    endloop
  endfacet
  facet normal 0 0 1
    outer loop
      vertex -16.275 16.275 17.2
      vertex -21.225 21.225 17.2
      vertex -21.225 16.275 17.2
    endloop
  endfacet
  facet normal 0 0 1
    outer loop
      vertex -16.275 2.475 17.2
      vertex -21.225 2.475 17.2
      vertex -16.275 -2.475 17.2
    endloop
  endfacet
  facet normal 0 0 1
    outer loop
      vertex -21.225 -16.275 17.2
      vertex -16.275 -16.275 17.2
      vertex -21.225 -2.475 17.2
    endloop
  endfacet
  facet normal 0 0 1
    outer loop
      vertex -16.275 -16.275 17.2
      vertex -21.225 -16.275 17.2
      vertex -16.275 -21.225 17.2
    endloop
  endfacet
  facet normal 0 0 1
    outer loop
      vertex -21.225 -21.225 17.2
      vertex -16.275 -21.225 17.2
      vertex -21.225 -16.275 17.2
    endloop
  endfacet
  facet normal 0 0 1
    outer loop
      vertex -16.275 -21.225 17.2
      vertex -21.225 -21.225 17.2
      vertex -16.275 -35.025 17.2
    endloop
  endfacet
  facet normal 0 0 1
    outer loop
      vertex -21.225 -35.025 17.2
      vertex -16.275 -35.025 17.2
      vertex -21.225 -21.225 17.2
    endloop
  endfacet
  facet normal 0 0 1
    outer loop
      vertex -39.025 -41.025 17.2
      vertex -16.275 -35.025 17.2
      vertex -21.225 -35.025 17.2
    endloop
  endfacet
  facet normal 0 0 1
    outer loop
      vertex -39.025 -41.025 17.2
      vertex -21.225 -35.025 17.2
      vertex -35.025 -35.025 17.2
    endloop
  endfacet
  facet normal 0 0 1
    outer loop
      vertex -2.475 -35.025 17.2
      vertex -39.025 -41.025 17.2
      vertex 39.025 -41.025 17.2
    endloop
  endfacet
  facet normal 0 0 1
    outer loop
      vertex -35.025 -16.275 17.2
      vertex -41.025 -39.025 17.2
      vertex -35.025 -21.225 17.2
    endloop
  endfacet
  facet normal 0 0 1
    outer loop
      vertex -35.025 -35.025 17.2
      vertex -41.025 -39.025 17.2
      vertex -39.025 -41.025 17.2
    endloop
  endfacet
  facet normal 0 0 1
    outer loop
      vertex -41.025 39.025 17.2
      vertex -39.025 41.025 17.2
      vertex -40.5887 40.272 17.2
    endloop
  endfacet
  facet normal 0 0 1
    outer loop
      vertex -35.025 -21.225 17.2
      vertex -41.025 -39.025 17.2
      vertex -35.025 -35.025 17.2
    endloop
  endfacet
  facet normal 0 0 1
    outer loop
      vertex -39.025 -41.025 17.2
      vertex -41.025 -39.025 17.2
      vertex -40.272 -40.5887 17.2
    endloop
  endfacet
  facet normal 0 0 1
    outer loop
      vertex 41.025 39.025 17.2
      vertex 31.6081 27.7819 17.2
      vertex 35.025 16.275 17.2
    endloop
  endfacet
  facet normal -0 0 1
    outer loop
      vertex 31.5577 27.4422 17.2
      vertex 35.025 16.275 17.2
      vertex 31.6081 27.7819 17.2
    endloop
  endfacet
  facet normal -0 0 1
    outer loop
      vertex 31.4743 27.109 17.2
      vertex 35.025 16.275 17.2
      vertex 31.5577 27.4422 17.2
    endloop
  endfacet
  facet normal -0 0 1
    outer loop
      vertex 31.3586 26.7856 17.2
      vertex 35.025 16.275 17.2
      vertex 31.4743 27.109 17.2
    endloop
  endfacet
  facet normal -0 0 1
    outer loop
      vertex 31.2117 26.4751 17.2
      vertex 35.025 16.275 17.2
      vertex 31.3586 26.7856 17.2
    endloop
  endfacet
  facet normal -0 0 1
    outer loop
      vertex 31.0351 26.1805 17.2
      vertex 35.025 16.275 17.2
      vertex 31.2117 26.4751 17.2
    endloop
  endfacet
  facet normal -0 0 1
    outer loop
      vertex 30.8305 25.9046 17.2
      vertex 35.025 16.275 17.2
      vertex 31.0351 26.1805 17.2
    endloop
  endfacet
  facet normal -0 0 1
    outer loop
      vertex 30.5999 25.6501 17.2
      vertex 35.025 16.275 17.2
      vertex 30.8305 25.9046 17.2
    endloop
  endfacet
  facet normal -0 0 1
    outer loop
      vertex 30.3454 25.4195 17.2
      vertex 35.025 16.275 17.2
      vertex 30.5999 25.6501 17.2
    endloop
  endfacet
  facet normal -0 0 1
    outer loop
      vertex 30.0695 25.2149 17.2
      vertex 35.025 16.275 17.2
      vertex 30.3454 25.4195 17.2
    endloop
  endfacet
  facet normal -0 0 1
    outer loop
      vertex 29.7749 25.0383 17.2
      vertex 35.025 16.275 17.2
      vertex 30.0695 25.2149 17.2
    endloop
  endfacet
  facet normal -0 0 1
    outer loop
      vertex 29.4644 24.8914 17.2
      vertex 35.025 16.275 17.2
      vertex 29.7749 25.0383 17.2
    endloop
  endfacet
  facet normal -0 0 1
    outer loop
      vertex 29.141 24.7757 17.2
      vertex 35.025 16.275 17.2
      vertex 29.4644 24.8914 17.2
    endloop
  endfacet
  facet normal -0 0 1
    outer loop
      vertex 28.8078 24.6923 17.2
      vertex 35.025 16.275 17.2
      vertex 29.141 24.7757 17.2
    endloop
  endfacet
  facet normal -0 0 1
    outer loop
      vertex 28.4681 24.6419 17.2
      vertex 35.025 16.275 17.2
      vertex 28.8078 24.6923 17.2
    endloop
  endfacet
  facet normal -0 0 1
    outer loop
      vertex 28.125 24.625 17.2
      vertex 35.025 16.275 17.2
      vertex 28.4681 24.6419 17.2
    endloop
  endfacet
  facet normal 0 0 1
    outer loop
      vertex 21.225 16.275 17.2
      vertex 28.125 24.625 17.2
      vertex 27.7819 24.6419 17.2
    endloop
  endfacet
  facet normal 0 0 1
    outer loop
      vertex 21.225 16.275 17.2
      vertex 27.7819 24.6419 17.2
      vertex 27.4422 24.6923 17.2
    endloop
  endfacet
  facet normal 0 0 1
    outer loop
      vertex 21.225 16.275 17.2
      vertex 27.4422 24.6923 17.2
      vertex 27.109 24.7757 17.2
    endloop
  endfacet
  facet normal 0 0 1
    outer loop
      vertex 21.225 16.275 17.2
      vertex 27.109 24.7757 17.2
      vertex 26.7856 24.8914 17.2
    endloop
  endfacet
  facet normal 0 0 1
    outer loop
      vertex 21.225 16.275 17.2
      vertex 26.7856 24.8914 17.2
      vertex 26.4751 25.0383 17.2
    endloop
  endfacet
  facet normal 0 0 1
    outer loop
      vertex 21.225 16.275 17.2
      vertex 26.4751 25.0383 17.2
      vertex 26.1805 25.2149 17.2
    endloop
  endfacet
  facet normal 0 0 1
    outer loop
      vertex 21.225 16.275 17.2
      vertex 26.1805 25.2149 17.2
      vertex 25.9046 25.4195 17.2
    endloop
  endfacet
  facet normal 0 0 1
    outer loop
      vertex 21.225 16.275 17.2
      vertex 25.9046 25.4195 17.2
      vertex 25.6501 25.6501 17.2
    endloop
  endfacet
  facet normal 0 0 1
    outer loop
      vertex 28.125 24.625 17.2
      vertex 21.225 16.275 17.2
      vertex 35.025 16.275 17.2
    endloop
  endfacet
  facet normal 0 0 1
    outer loop
      vertex 25.4195 25.9046 17.2
      vertex 21.225 16.275 17.2
      vertex 25.6501 25.6501 17.2
    endloop
  endfacet
  facet normal 0 0 1
    outer loop
      vertex 25.2149 26.1805 17.2
      vertex 21.225 16.275 17.2
      vertex 25.4195 25.9046 17.2
    endloop
  endfacet
  facet normal 0 0 1
    outer loop
      vertex 25.0383 26.4751 17.2
      vertex 21.225 16.275 17.2
      vertex 25.2149 26.1805 17.2
    endloop
  endfacet
  facet normal 0 0 1
    outer loop
      vertex 24.8914 26.7856 17.2
      vertex 21.225 16.275 17.2
      vertex 25.0383 26.4751 17.2
    endloop
  endfacet
  facet normal 0 0 1
    outer loop
      vertex 24.7757 27.109 17.2
      vertex 21.225 16.275 17.2
      vertex 24.8914 26.7856 17.2
    endloop
  endfacet
  facet normal 0 0 1
    outer loop
      vertex 24.6923 27.4422 17.2
      vertex 21.225 16.275 17.2
      vertex 24.7757 27.109 17.2
    endloop
  endfacet
  facet normal 0 0 1
    outer loop
      vertex 24.6419 27.7819 17.2
      vertex 21.225 16.275 17.2
      vertex 24.6923 27.4422 17.2
    endloop
  endfacet
  facet normal 0 0 1
    outer loop
      vertex 21.225 16.275 17.2
      vertex 24.6419 27.7819 17.2
      vertex 24.625 28.125 17.2
    endloop
  endfacet
  facet normal -0.943894 0.330249 0
    outer loop
      vertex -41.025 39.025 0
      vertex -40.5887 40.272 17.2
      vertex -40.5887 40.272 0
    endloop
  endfacet
  facet normal -0.943894 0.330249 0
    outer loop
      vertex -40.5887 40.272 17.2
      vertex -41.025 39.025 0
      vertex -41.025 39.025 17.2
    endloop
  endfacet
  facet normal 0.943894 -0.330249 0
    outer loop
      vertex 40.5887 -40.272 17.2
      vertex 41.025 -39.025 0
      vertex 41.025 -39.025 17.2
    endloop
  endfacet
  facet normal 0.943894 -0.330249 0
    outer loop
      vertex 41.025 -39.025 0
      vertex 40.5887 -40.272 17.2
      vertex 40.5887 -40.272 0
    endloop
  endfacet
  facet normal 0.330249 0.943894 -0
    outer loop
      vertex 40.272 40.5887 0
      vertex 39.025 41.025 17.2
      vertex 40.272 40.5887 17.2
    endloop
  endfacet
  facet normal 0.330249 0.943894 0
    outer loop
      vertex 39.025 41.025 17.2
      vertex 40.272 40.5887 0
      vertex 39.025 41.025 0
    endloop
  endfacet
  facet normal 0 1 -0
    outer loop
      vertex 39.025 41.025 0
      vertex -39.025 41.025 17.2
      vertex 39.025 41.025 17.2
    endloop
  endfacet
  facet normal 0 1 0
    outer loop
      vertex -39.025 41.025 17.2
      vertex 39.025 41.025 0
      vertex -39.025 41.025 0
    endloop
  endfacet
  facet normal 0.900977 0.433866 0
    outer loop
      vertex 41.025 39.025 17.2
      vertex 40.272 40.5887 0
      vertex 40.272 40.5887 17.2
    endloop
  endfacet
  facet normal 0.900977 0.433866 0
    outer loop
      vertex 40.272 40.5887 0
      vertex 41.025 39.025 17.2
      vertex 41.025 39.025 0
    endloop
  endfacet
  facet normal 1 -0 0
    outer loop
      vertex 41.025 -39.025 17.2
      vertex 41.025 39.025 0
      vertex 41.025 39.025 17.2
    endloop
  endfacet
  facet normal 1 0 0
    outer loop
      vertex 41.025 39.025 0
      vertex 41.025 -39.025 17.2
      vertex 41.025 -39.025 0
    endloop
  endfacet
  facet normal -0.330249 -0.943894 0
    outer loop
      vertex -40.272 -40.5887 0
      vertex -39.025 -41.025 17.2
      vertex -40.272 -40.5887 17.2
    endloop
  endfacet
  facet normal -0.330249 -0.943894 -0
    outer loop
      vertex -39.025 -41.025 17.2
      vertex -40.272 -40.5887 0
      vertex -39.025 -41.025 0
    endloop
  endfacet
  facet normal 0 0 -1
    outer loop
      vertex -35.025 16.275 16
      vertex -21.225 21.225 16
      vertex -21.225 16.275 16
    endloop
  endfacet
  facet normal -0 0 -1
    outer loop
      vertex -21.225 21.225 16
      vertex -35.025 16.275 16
      vertex -35.025 21.225 16
    endloop
  endfacet
  facet normal 0 0 -1
    outer loop
      vertex -35.025 -2.475 16
      vertex -21.225 2.475 16
      vertex -21.225 -2.475 16
    endloop
  endfacet
  facet normal -0 0 -1
    outer loop
      vertex -21.225 2.475 16
      vertex -35.025 -2.475 16
      vertex -35.025 2.475 16
    endloop
  endfacet
  facet normal 0 0 -1
    outer loop
      vertex -35.025 -21.225 16
      vertex -21.225 -16.275 16
      vertex -21.225 -21.225 16
    endloop
  endfacet
  facet normal -0 0 -1
    outer loop
      vertex -21.225 -16.275 16
      vertex -35.025 -21.225 16
      vertex -35.025 -16.275 16
    endloop
  endfacet
  facet normal 0 0 -1
    outer loop
      vertex -16.275 16.275 16
      vertex -2.475 21.225 16
      vertex -2.475 16.275 16
    endloop
  endfacet
  facet normal -0 0 -1
    outer loop
      vertex -2.475 21.225 16
      vertex -16.275 16.275 16
      vertex -16.275 21.225 16
    endloop
  endfacet
  facet normal 0 0 -1
    outer loop
      vertex -16.275 -2.475 16
      vertex -2.475 2.475 16
      vertex -2.475 -2.475 16
    endloop
  endfacet
  facet normal -0 0 -1
    outer loop
      vertex -2.475 2.475 16
      vertex -16.275 -2.475 16
      vertex -16.275 2.475 16
    endloop
  endfacet
  facet normal 0 0 -1
    outer loop
      vertex -16.275 -21.225 16
      vertex -2.475 -16.275 16
      vertex -2.475 -21.225 16
    endloop
  endfacet
  facet normal -0 0 -1
    outer loop
      vertex -2.475 -16.275 16
      vertex -16.275 -21.225 16
      vertex -16.275 -16.275 16
    endloop
  endfacet
  facet normal 0 0 -1
    outer loop
      vertex 2.475 16.275 16
      vertex 16.275 21.225 16
      vertex 16.275 16.275 16
    endloop
  endfacet
  facet normal -0 0 -1
    outer loop
      vertex 16.275 21.225 16
      vertex 2.475 16.275 16
      vertex 2.475 21.225 16
    endloop
  endfacet
  facet normal 0 0 -1
    outer loop
      vertex 2.475 -2.475 16
      vertex 16.275 2.475 16
      vertex 16.275 -2.475 16
    endloop
  endfacet
  facet normal -0 0 -1
    outer loop
      vertex 16.275 2.475 16
      vertex 2.475 -2.475 16
      vertex 2.475 2.475 16
    endloop
  endfacet
  facet normal 0 0 -1
    outer loop
      vertex 2.475 -21.225 16
      vertex 16.275 -16.275 16
      vertex 16.275 -21.225 16
    endloop
  endfacet
  facet normal -0 0 -1
    outer loop
      vertex 16.275 -16.275 16
      vertex 2.475 -21.225 16
      vertex 2.475 -16.275 16
    endloop
  endfacet
  facet normal 0 0 -1
    outer loop
      vertex 38.525 38.025 16
      vertex 31.6081 27.7819 16
      vertex 31.625 28.125 16
    endloop
  endfacet
  facet normal 0 0 -1
    outer loop
      vertex 35.025 16.275 16
      vertex 31.5577 27.4422 16
      vertex 31.6081 27.7819 16
    endloop
  endfacet
  facet normal 0 0 -1
    outer loop
      vertex 35.025 16.275 16
      vertex 31.4743 27.109 16
      vertex 31.5577 27.4422 16
    endloop
  endfacet
  facet normal 0 0 -1
    outer loop
      vertex 35.025 16.275 16
      vertex 31.3586 26.7856 16
      vertex 31.4743 27.109 16
    endloop
  endfacet
  facet normal 0 0 -1
    outer loop
      vertex 35.025 16.275 16
      vertex 31.2117 26.4751 16
      vertex 31.3586 26.7856 16
    endloop
  endfacet
  facet normal 0 0 -1
    outer loop
      vertex 35.025 16.275 16
      vertex 31.0351 26.1805 16
      vertex 31.2117 26.4751 16
    endloop
  endfacet
  facet normal 0 0 -1
    outer loop
      vertex 35.025 16.275 16
      vertex 30.8305 25.9046 16
      vertex 31.0351 26.1805 16
    endloop
  endfacet
  facet normal 0 0 -1
    outer loop
      vertex 35.025 16.275 16
      vertex 30.5999 25.6501 16
      vertex 30.8305 25.9046 16
    endloop
  endfacet
  facet normal 0 0 -1
    outer loop
      vertex 35.025 16.275 16
      vertex 30.3454 25.4195 16
      vertex 30.5999 25.6501 16
    endloop
  endfacet
  facet normal 0 0 -1
    outer loop
      vertex 35.025 16.275 16
      vertex 30.0695 25.2149 16
      vertex 30.3454 25.4195 16
    endloop
  endfacet
  facet normal 0 0 -1
    outer loop
      vertex 35.025 16.275 16
      vertex 29.7749 25.0383 16
      vertex 30.0695 25.2149 16
    endloop
  endfacet
  facet normal 0 0 -1
    outer loop
      vertex 35.025 16.275 16
      vertex 29.4644 24.8914 16
      vertex 29.7749 25.0383 16
    endloop
  endfacet
  facet normal 0 0 -1
    outer loop
      vertex 35.025 16.275 16
      vertex 29.141 24.7757 16
      vertex 29.4644 24.8914 16
    endloop
  endfacet
  facet normal 0 0 -1
    outer loop
      vertex 35.025 16.275 16
      vertex 28.8078 24.6923 16
      vertex 29.141 24.7757 16
    endloop
  endfacet
  facet normal 0 0 -1
    outer loop
      vertex 35.025 16.275 16
      vertex 28.4681 24.6419 16
      vertex 28.8078 24.6923 16
    endloop
  endfacet
  facet normal 0 0 -1
    outer loop
      vertex 35.025 16.275 16
      vertex 28.125 24.625 16
      vertex 28.4681 24.6419 16
    endloop
  endfacet
  facet normal 0 0 -1
    outer loop
      vertex 21.225 16.275 16
      vertex 28.125 24.625 16
      vertex 35.025 16.275 16
    endloop
  endfacet
  facet normal -0 0 -1
    outer loop
      vertex 28.125 24.625 16
      vertex 21.225 16.275 16
      vertex 27.7819 24.6419 16
    endloop
  endfacet
  facet normal -0 0 -1
    outer loop
      vertex 27.7819 24.6419 16
      vertex 21.225 16.275 16
      vertex 27.4422 24.6923 16
    endloop
  endfacet
  facet normal -0 0 -1
    outer loop
      vertex 27.4422 24.6923 16
      vertex 21.225 16.275 16
      vertex 27.109 24.7757 16
    endloop
  endfacet
  facet normal -0 0 -1
    outer loop
      vertex 27.109 24.7757 16
      vertex 21.225 16.275 16
      vertex 26.7856 24.8914 16
    endloop
  endfacet
  facet normal -0 0 -1
    outer loop
      vertex 26.7856 24.8914 16
      vertex 21.225 16.275 16
      vertex 26.4751 25.0383 16
    endloop
  endfacet
  facet normal -0 0 -1
    outer loop
      vertex 26.4751 25.0383 16
      vertex 21.225 16.275 16
      vertex 26.1805 25.2149 16
    endloop
  endfacet
  facet normal -0 0 -1
    outer loop
      vertex 26.1805 25.2149 16
      vertex 21.225 16.275 16
      vertex 25.9046 25.4195 16
    endloop
  endfacet
  facet normal -0 0 -1
    outer loop
      vertex 24.6923 27.4422 16
      vertex 16.275 21.225 16
      vertex 24.6419 27.7819 16
    endloop
  endfacet
  facet normal -0 0 -1
    outer loop
      vertex 24.7757 27.109 16
      vertex 16.275 21.225 16
      vertex 24.6923 27.4422 16
    endloop
  endfacet
  facet normal -0 0 -1
    outer loop
      vertex 24.8914 26.7856 16
      vertex 16.275 21.225 16
      vertex 24.7757 27.109 16
    endloop
  endfacet
  facet normal -0 0 -1
    outer loop
      vertex 25.0383 26.4751 16
      vertex 16.275 21.225 16
      vertex 24.8914 26.7856 16
    endloop
  endfacet
  facet normal -0 0 -1
    outer loop
      vertex 25.2149 26.1805 16
      vertex 16.275 21.225 16
      vertex 25.0383 26.4751 16
    endloop
  endfacet
  facet normal -0 0 -1
    outer loop
      vertex 25.4195 25.9046 16
      vertex 16.275 21.225 16
      vertex 25.2149 26.1805 16
    endloop
  endfacet
  facet normal -0 0 -1
    outer loop
      vertex 25.6501 25.6501 16
      vertex 16.275 21.225 16
      vertex 25.4195 25.9046 16
    endloop
  endfacet
  facet normal 0 0 -1
    outer loop
      vertex 16.275 21.225 16
      vertex 25.6501 25.6501 16
      vertex 21.225 16.275 16
    endloop
  endfacet
  facet normal -0 0 -1
    outer loop
      vertex 25.9046 25.4195 16
      vertex 21.225 16.275 16
      vertex 25.6501 25.6501 16
    endloop
  endfacet
  facet normal 0 0 -1
    outer loop
      vertex 21.225 -2.475 16
      vertex 35.025 2.475 16
      vertex 35.025 -2.475 16
    endloop
  endfacet
  facet normal -0 0 -1
    outer loop
      vertex 35.025 2.475 16
      vertex 21.225 -2.475 16
      vertex 21.225 2.475 16
    endloop
  endfacet
  facet normal 0 0 -1
    outer loop
      vertex 21.225 -21.225 16
      vertex 35.025 -16.275 16
      vertex 35.025 -21.225 16
    endloop
  endfacet
  facet normal -0 0 -1
    outer loop
      vertex 35.025 -16.275 16
      vertex 21.225 -21.225 16
      vertex 21.225 -16.275 16
    endloop
  endfacet
  facet normal 0 0 -1
    outer loop
      vertex 35.025 -35.025 16
      vertex 38.525 -38.025 16
      vertex 38.025 -38.525 16
    endloop
  endfacet
  facet normal 0 0 -1
    outer loop
      vertex 38.525 -38.025 16
      vertex 35.025 -2.475 16
      vertex 38.525 38.025 16
    endloop
  endfacet
  facet normal 0 0 -1
    outer loop
      vertex 38.525 -38.025 16
      vertex 35.025 -35.025 16
      vertex 35.025 -21.225 16
    endloop
  endfacet
  facet normal 0 0 -1
    outer loop
      vertex 38.025 -38.525 16
      vertex 21.225 -35.025 16
      vertex 35.025 -35.025 16
    endloop
  endfacet
  facet normal 0 0 -1
    outer loop
      vertex 16.275 -21.225 16
      vertex 21.225 -21.225 16
      vertex 21.225 -35.025 16
    endloop
  endfacet
  facet normal 0 0 -1
    outer loop
      vertex 21.225 -21.225 16
      vertex 16.275 -21.225 16
      vertex 21.225 -16.275 16
    endloop
  endfacet
  facet normal 0 0 -1
    outer loop
      vertex 21.225 -16.275 16
      vertex 16.275 -16.275 16
      vertex 21.225 -2.475 16
    endloop
  endfacet
  facet normal 0 0 -1
    outer loop
      vertex 16.275 -2.475 16
      vertex 21.225 -2.475 16
      vertex 16.275 -16.275 16
    endloop
  endfacet
  facet normal 0 0 -1
    outer loop
      vertex 16.275 -21.225 16
      vertex 21.225 -35.025 16
      vertex 16.275 -35.025 16
    endloop
  endfacet
  facet normal 0 0 -1
    outer loop
      vertex 38.025 -38.525 16
      vertex 16.275 -35.025 16
      vertex 21.225 -35.025 16
    endloop
  endfacet
  facet normal 0 0 -1
    outer loop
      vertex 38.025 -38.525 16
      vertex 2.475 -35.025 16
      vertex 16.275 -35.025 16
    endloop
  endfacet
  facet normal 0 0 -1
    outer loop
      vertex -2.475 -21.225 16
      vertex 2.475 -21.225 16
      vertex 2.475 -35.025 16
    endloop
  endfacet
  facet normal 0 0 -1
    outer loop
      vertex 2.475 -21.225 16
      vertex -2.475 -21.225 16
      vertex 2.475 -16.275 16
    endloop
  endfacet
  facet normal 0 0 -1
    outer loop
      vertex 2.475 -16.275 16
      vertex -2.475 -16.275 16
      vertex 2.475 -2.475 16
    endloop
  endfacet
  facet normal 0 0 -1
    outer loop
      vertex -2.475 -2.475 16
      vertex 2.475 -2.475 16
      vertex -2.475 -16.275 16
    endloop
  endfacet
  facet normal 0 0 -1
    outer loop
      vertex -2.475 2.475 16
      vertex 2.475 2.475 16
      vertex -2.475 -2.475 16
    endloop
  endfacet
  facet normal 0 0 -1
    outer loop
      vertex 2.475 2.475 16
      vertex -2.475 2.475 16
      vertex 2.475 16.275 16
    endloop
  endfacet
  facet normal 0 0 -1
    outer loop
      vertex -2.475 -21.225 16
      vertex 2.475 -35.025 16
      vertex -2.475 -35.025 16
    endloop
  endfacet
  facet normal 0 0 -1
    outer loop
      vertex 38.025 -38.525 16
      vertex -2.475 -35.025 16
      vertex 2.475 -35.025 16
    endloop
  endfacet
  facet normal 0 0 -1
    outer loop
      vertex -38.025 -38.525 16
      vertex -2.475 -35.025 16
      vertex 38.025 -38.525 16
    endloop
  endfacet
  facet normal 0 0 -1
    outer loop
      vertex -21.225 -21.225 16
      vertex -16.275 -21.225 16
      vertex -16.275 -35.025 16
    endloop
  endfacet
  facet normal 0 0 -1
    outer loop
      vertex -16.275 -21.225 16
      vertex -21.225 -21.225 16
      vertex -16.275 -16.275 16
    endloop
  endfacet
  facet normal 0 0 -1
    outer loop
      vertex -16.275 -16.275 16
      vertex -21.225 -16.275 16
      vertex -16.275 -2.475 16
    endloop
  endfacet
  facet normal 0 0 -1
    outer loop
      vertex -21.225 -2.475 16
      vertex -16.275 -2.475 16
      vertex -21.225 -16.275 16
    endloop
  endfacet
  facet normal 0 0 -1
    outer loop
      vertex -21.225 2.475 16
      vertex -16.275 2.475 16
      vertex -21.225 -2.475 16
    endloop
  endfacet
  facet normal 0 0 -1
    outer loop
      vertex -16.275 2.475 16
      vertex -21.225 2.475 16
      vertex -16.275 16.275 16
    endloop
  endfacet
  facet normal 0 0 -1
    outer loop
      vertex -21.225 -21.225 16
      vertex -16.275 -35.025 16
      vertex -21.225 -35.025 16
    endloop
  endfacet
  facet normal -0 0 -1
    outer loop
      vertex -2.475 -35.025 16
      vertex -38.025 -38.525 16
      vertex -16.275 -35.025 16
    endloop
  endfacet
  facet normal -0 0 -1
    outer loop
      vertex -16.275 -35.025 16
      vertex -38.025 -38.525 16
      vertex -21.225 -35.025 16
    endloop
  endfacet
  facet normal 0 0 -1
    outer loop
      vertex -38.525 -38.025 16
      vertex -35.025 -21.225 16
      vertex -35.025 -35.025 16
    endloop
  endfacet
  facet normal -0 0 -1
    outer loop
      vertex -35.025 -21.225 16
      vertex -38.525 -38.025 16
      vertex -35.025 -16.275 16
    endloop
  endfacet
  facet normal -0 0 -1
    outer loop
      vertex -35.025 -16.275 16
      vertex -38.525 -38.025 16
      vertex -35.025 -2.475 16
    endloop
  endfacet
  facet normal -0 0 -1
    outer loop
      vertex -35.025 -2.475 16
      vertex -38.525 -38.025 16
      vertex -35.025 2.475 16
    endloop
  endfacet
  facet normal 0 0 -1
    outer loop
      vertex -38.525 38.025 16
      vertex -35.025 2.475 16
      vertex -38.525 -38.025 16
    endloop
  endfacet
  facet normal 0 0 -1
    outer loop
      vertex -35.025 2.475 16
      vertex -38.525 38.025 16
      vertex -35.025 16.275 16
    endloop
  endfacet
  facet normal 0 0 -1
    outer loop
      vertex -38.525 -38.025 16
      vertex -35.025 -35.025 16
      vertex -38.025 -38.525 16
    endloop
  endfacet
  facet normal -0 0 -1
    outer loop
      vertex -21.225 -35.025 16
      vertex -38.025 -38.525 16
      vertex -35.025 -35.025 16
    endloop
  endfacet
  facet normal 0 0 -1
    outer loop
      vertex 38.525 -38.025 16
      vertex 35.025 -21.225 16
      vertex 35.025 -16.275 16
    endloop
  endfacet
  facet normal 0 0 -1
    outer loop
      vertex 38.525 -38.025 16
      vertex 35.025 -16.275 16
      vertex 35.025 -2.475 16
    endloop
  endfacet
  facet normal 0 0 -1
    outer loop
      vertex 35.025 2.475 16
      vertex 38.525 38.025 16
      vertex 35.025 -2.475 16
    endloop
  endfacet
  facet normal 0 0 -1
    outer loop
      vertex 35.025 16.275 16
      vertex 38.525 38.025 16
      vertex 35.025 2.475 16
    endloop
  endfacet
  facet normal 0 0 -1
    outer loop
      vertex 31.6081 27.7819 16
      vertex 38.525 38.025 16
      vertex 35.025 16.275 16
    endloop
  endfacet
  facet normal 0 0 -1
    outer loop
      vertex 31.6081 28.4681 16
      vertex 38.525 38.025 16
      vertex 31.625 28.125 16
    endloop
  endfacet
  facet normal 0 0 -1
    outer loop
      vertex 31.5577 28.8078 16
      vertex 38.525 38.025 16
      vertex 31.6081 28.4681 16
    endloop
  endfacet
  facet normal 0 0 -1
    outer loop
      vertex 31.4743 29.141 16
      vertex 38.525 38.025 16
      vertex 31.5577 28.8078 16
    endloop
  endfacet
  facet normal 0 0 -1
    outer loop
      vertex 31.3586 29.4644 16
      vertex 38.525 38.025 16
      vertex 31.4743 29.141 16
    endloop
  endfacet
  facet normal 0 0 -1
    outer loop
      vertex 31.2117 29.7749 16
      vertex 38.525 38.025 16
      vertex 31.3586 29.4644 16
    endloop
  endfacet
  facet normal 0 0 -1
    outer loop
      vertex 31.0351 30.0695 16
      vertex 38.525 38.025 16
      vertex 31.2117 29.7749 16
    endloop
  endfacet
  facet normal 0 0 -1
    outer loop
      vertex 30.8305 30.3454 16
      vertex 38.525 38.025 16
      vertex 31.0351 30.0695 16
    endloop
  endfacet
  facet normal 0 0 -1
    outer loop
      vertex 30.5999 30.5999 16
      vertex 38.525 38.025 16
      vertex 30.8305 30.3454 16
    endloop
  endfacet
  facet normal -0 0 -1
    outer loop
      vertex 38.525 38.025 16
      vertex 30.5999 30.5999 16
      vertex 38.025 38.525 16
    endloop
  endfacet
  facet normal 0 0 -1
    outer loop
      vertex 30.3454 30.8305 16
      vertex 38.025 38.525 16
      vertex 30.5999 30.5999 16
    endloop
  endfacet
  facet normal 0 0 -1
    outer loop
      vertex 30.0695 31.0351 16
      vertex 38.025 38.525 16
      vertex 30.3454 30.8305 16
    endloop
  endfacet
  facet normal 0 0 -1
    outer loop
      vertex 29.7749 31.2117 16
      vertex 38.025 38.525 16
      vertex 30.0695 31.0351 16
    endloop
  endfacet
  facet normal 0 0 -1
    outer loop
      vertex 29.4644 31.3586 16
      vertex 38.025 38.525 16
      vertex 29.7749 31.2117 16
    endloop
  endfacet
  facet normal 0 0 -1
    outer loop
      vertex 29.141 31.4743 16
      vertex 38.025 38.525 16
      vertex 29.4644 31.3586 16
    endloop
  endfacet
  facet normal 0 0 -1
    outer loop
      vertex 28.8078 31.5577 16
      vertex 38.025 38.525 16
      vertex 29.141 31.4743 16
    endloop
  endfacet
  facet normal 0 0 -1
    outer loop
      vertex 28.4681 31.6081 16
      vertex 38.025 38.525 16
      vertex 28.8078 31.5577 16
    endloop
  endfacet
  facet normal 0 0 -1
    outer loop
      vertex 28.125 31.625 16
      vertex 38.025 38.525 16
      vertex 28.4681 31.6081 16
    endloop
  endfacet
  facet normal 0 0 -1
    outer loop
      vertex 27.7819 31.6081 16
      vertex 38.025 38.525 16
      vertex 28.125 31.625 16
    endloop
  endfacet
  facet normal 0 0 -1
    outer loop
      vertex 16.275 35.025 16
      vertex 27.7819 31.6081 16
      vertex 27.4422 31.5577 16
    endloop
  endfacet
  facet normal 0 0 -1
    outer loop
      vertex 16.275 35.025 16
      vertex 27.4422 31.5577 16
      vertex 27.109 31.4743 16
    endloop
  endfacet
  facet normal 0 0 -1
    outer loop
      vertex 16.275 35.025 16
      vertex 27.109 31.4743 16
      vertex 26.7856 31.3586 16
    endloop
  endfacet
  facet normal 0 0 -1
    outer loop
      vertex 16.275 35.025 16
      vertex 26.7856 31.3586 16
      vertex 26.4751 31.2117 16
    endloop
  endfacet
  facet normal 0 0 -1
    outer loop
      vertex 16.275 35.025 16
      vertex 26.4751 31.2117 16
      vertex 26.1805 31.0351 16
    endloop
  endfacet
  facet normal -0 0 -1
    outer loop
      vertex 24.6419 27.7819 16
      vertex 16.275 21.225 16
      vertex 24.625 28.125 16
    endloop
  endfacet
  facet normal 0 0 -1
    outer loop
      vertex 16.275 35.025 16
      vertex 24.625 28.125 16
      vertex 16.275 21.225 16
    endloop
  endfacet
  facet normal 0 0 -1
    outer loop
      vertex 24.625 28.125 16
      vertex 16.275 35.025 16
      vertex 24.6419 28.4681 16
    endloop
  endfacet
  facet normal -0 0 -1
    outer loop
      vertex 21.225 -16.275 16
      vertex 16.275 -21.225 16
      vertex 16.275 -16.275 16
    endloop
  endfacet
  facet normal 0 0 -1
    outer loop
      vertex 21.225 -2.475 16
      vertex 16.275 -2.475 16
      vertex 21.225 2.475 16
    endloop
  endfacet
  facet normal 0 0 -1
    outer loop
      vertex 16.275 2.475 16
      vertex 21.225 2.475 16
      vertex 16.275 -2.475 16
    endloop
  endfacet
  facet normal 0 0 -1
    outer loop
      vertex 21.225 2.475 16
      vertex 16.275 2.475 16
      vertex 21.225 16.275 16
    endloop
  endfacet
  facet normal 0 0 -1
    outer loop
      vertex 16.275 16.275 16
      vertex 21.225 16.275 16
      vertex 16.275 2.475 16
    endloop
  endfacet
  facet normal 0 0 -1
    outer loop
      vertex 16.275 21.225 16
      vertex 21.225 16.275 16
      vertex 16.275 16.275 16
    endloop
  endfacet
  facet normal 0 0 -1
    outer loop
      vertex 24.6419 28.4681 16
      vertex 16.275 35.025 16
      vertex 24.6923 28.8078 16
    endloop
  endfacet
  facet normal 0 0 -1
    outer loop
      vertex 24.6923 28.8078 16
      vertex 16.275 35.025 16
      vertex 24.7757 29.141 16
    endloop
  endfacet
  facet normal 0 0 -1
    outer loop
      vertex 24.7757 29.141 16
      vertex 16.275 35.025 16
      vertex 24.8914 29.4644 16
    endloop
  endfacet
  facet normal 0 0 -1
    outer loop
      vertex 24.8914 29.4644 16
      vertex 16.275 35.025 16
      vertex 25.0383 29.7749 16
    endloop
  endfacet
  facet normal 0 0 -1
    outer loop
      vertex 25.0383 29.7749 16
      vertex 16.275 35.025 16
      vertex 25.2149 30.0695 16
    endloop
  endfacet
  facet normal 0 0 -1
    outer loop
      vertex 25.2149 30.0695 16
      vertex 16.275 35.025 16
      vertex 25.4195 30.3454 16
    endloop
  endfacet
  facet normal 0 0 -1
    outer loop
      vertex 25.4195 30.3454 16
      vertex 16.275 35.025 16
      vertex 25.6501 30.5999 16
    endloop
  endfacet
  facet normal 0 0 -1
    outer loop
      vertex 16.275 35.025 16
      vertex 25.9046 30.8305 16
      vertex 25.6501 30.5999 16
    endloop
  endfacet
  facet normal 0 0 -1
    outer loop
      vertex 16.275 35.025 16
      vertex 26.1805 31.0351 16
      vertex 25.9046 30.8305 16
    endloop
  endfacet
  facet normal 0 0 -1
    outer loop
      vertex 27.7819 31.6081 16
      vertex 16.275 35.025 16
      vertex 38.025 38.525 16
    endloop
  endfacet
  facet normal 0 0 -1
    outer loop
      vertex 2.475 35.025 16
      vertex 38.025 38.525 16
      vertex 16.275 35.025 16
    endloop
  endfacet
  facet normal -0 0 -1
    outer loop
      vertex 2.475 -16.275 16
      vertex -2.475 -21.225 16
      vertex -2.475 -16.275 16
    endloop
  endfacet
  facet normal 0 0 -1
    outer loop
      vertex 2.475 -2.475 16
      vertex -2.475 -2.475 16
      vertex 2.475 2.475 16
    endloop
  endfacet
  facet normal 0 0 -1
    outer loop
      vertex -2.475 16.275 16
      vertex 2.475 16.275 16
      vertex -2.475 2.475 16
    endloop
  endfacet
  facet normal 0 0 -1
    outer loop
      vertex 2.475 16.275 16
      vertex -2.475 16.275 16
      vertex 2.475 21.225 16
    endloop
  endfacet
  facet normal 0 0 -1
    outer loop
      vertex -2.475 21.225 16
      vertex 2.475 21.225 16
      vertex -2.475 16.275 16
    endloop
  endfacet
  facet normal 0 0 -1
    outer loop
      vertex 2.475 21.225 16
      vertex -2.475 21.225 16
      vertex 2.475 35.025 16
    endloop
  endfacet
  facet normal 0 0 -1
    outer loop
      vertex -2.475 35.025 16
      vertex 2.475 35.025 16
      vertex -2.475 21.225 16
    endloop
  endfacet
  facet normal 0 0 -1
    outer loop
      vertex -2.475 35.025 16
      vertex 38.025 38.525 16
      vertex 2.475 35.025 16
    endloop
  endfacet
  facet normal 0 0 -1
    outer loop
      vertex -38.025 38.525 16
      vertex -2.475 35.025 16
      vertex -16.275 35.025 16
    endloop
  endfacet
  facet normal -0 0 -1
    outer loop
      vertex -16.275 -16.275 16
      vertex -21.225 -21.225 16
      vertex -21.225 -16.275 16
    endloop
  endfacet
  facet normal 0 0 -1
    outer loop
      vertex -16.275 -2.475 16
      vertex -21.225 -2.475 16
      vertex -16.275 2.475 16
    endloop
  endfacet
  facet normal 0 0 -1
    outer loop
      vertex -21.225 16.275 16
      vertex -16.275 16.275 16
      vertex -21.225 2.475 16
    endloop
  endfacet
  facet normal 0 0 -1
    outer loop
      vertex -16.275 16.275 16
      vertex -21.225 16.275 16
      vertex -16.275 21.225 16
    endloop
  endfacet
  facet normal 0 0 -1
    outer loop
      vertex -21.225 21.225 16
      vertex -16.275 21.225 16
      vertex -21.225 16.275 16
    endloop
  endfacet
  facet normal 0 0 -1
    outer loop
      vertex -16.275 21.225 16
      vertex -21.225 21.225 16
      vertex -16.275 35.025 16
    endloop
  endfacet
  facet normal 0 0 -1
    outer loop
      vertex -21.225 35.025 16
      vertex -16.275 35.025 16
      vertex -21.225 21.225 16
    endloop
  endfacet
  facet normal 0 0 -1
    outer loop
      vertex -38.025 38.525 16
      vertex -16.275 35.025 16
      vertex -21.225 35.025 16
    endloop
  endfacet
  facet normal 0 0 -1
    outer loop
      vertex -38.025 38.525 16
      vertex -21.225 35.025 16
      vertex -35.025 35.025 16
    endloop
  endfacet
  facet normal 0 0 -1
    outer loop
      vertex -2.475 35.025 16
      vertex -38.025 38.525 16
      vertex 38.025 38.525 16
    endloop
  endfacet
  facet normal 0 0 -1
    outer loop
      vertex -35.025 16.275 16
      vertex -38.525 38.025 16
      vertex -35.025 21.225 16
    endloop
  endfacet
  facet normal 0 0 -1
    outer loop
      vertex -35.025 21.225 16
      vertex -38.525 38.025 16
      vertex -35.025 35.025 16
    endloop
  endfacet
  facet normal 0 0 -1
    outer loop
      vertex -35.025 35.025 16
      vertex -38.525 38.025 16
      vertex -38.025 38.525 16
    endloop
  endfacet
  facet normal 0 0 -1
    outer loop
      vertex 38.525 -38.025 0
      vertex 41.025 -39.025 0
      vertex 40.5887 -40.272 0
    endloop
  endfacet
  facet normal 0 0 -1
    outer loop
      vertex 41.025 -39.025 0
      vertex 38.525 -38.025 0
      vertex 41.025 39.025 0
    endloop
  endfacet
  facet normal 0 0 -1
    outer loop
      vertex 38.025 -38.525 0
      vertex 40.5887 -40.272 0
      vertex 39.025 -41.025 0
    endloop
  endfacet
  facet normal 0 0 -1
    outer loop
      vertex 41.025 39.025 0
      vertex 38.525 -38.025 0
      vertex 38.525 38.025 0
    endloop
  endfacet
  facet normal -0 0 -1
    outer loop
      vertex 41.025 39.025 0
      vertex 38.525 38.025 0
      vertex 40.272 40.5887 0
    endloop
  endfacet
  facet normal 0 0 -1
    outer loop
      vertex 40.5887 -40.272 0
      vertex 38.025 -38.525 0
      vertex 38.525 -38.025 0
    endloop
  endfacet
  facet normal 0 0 -1
    outer loop
      vertex 39.025 -41.025 0
      vertex -38.025 -38.525 0
      vertex 38.025 -38.525 0
    endloop
  endfacet
  facet normal -0 0 -1
    outer loop
      vertex -38.025 -38.525 0
      vertex -40.272 -40.5887 0
      vertex -38.525 -38.025 0
    endloop
  endfacet
  facet normal 0 0 -1
    outer loop
      vertex -40.272 -40.5887 0
      vertex -38.025 -38.525 0
      vertex -39.025 -41.025 0
    endloop
  endfacet
  facet normal 0 0 -1
    outer loop
      vertex -39.025 -41.025 0
      vertex -38.025 -38.525 0
      vertex 39.025 -41.025 0
    endloop
  endfacet
  facet normal 0 0 -1
    outer loop
      vertex 38.025 38.525 0
      vertex 40.272 40.5887 0
      vertex 38.525 38.025 0
    endloop
  endfacet
  facet normal -0 0 -1
    outer loop
      vertex 40.272 40.5887 0
      vertex 38.025 38.525 0
      vertex 39.025 41.025 0
    endloop
  endfacet
  facet normal 0 0 -1
    outer loop
      vertex -38.025 38.525 0
      vertex 39.025 41.025 0
      vertex 38.025 38.525 0
    endloop
  endfacet
  facet normal 0 0 -1
    outer loop
      vertex -38.025 38.525 0
      vertex -39.025 41.025 0
      vertex 39.025 41.025 0
    endloop
  endfacet
  facet normal 0 0 -1
    outer loop
      vertex -40.5887 40.272 0
      vertex -38.025 38.525 0
      vertex -38.525 38.025 0
    endloop
  endfacet
  facet normal -0 0 -1
    outer loop
      vertex -38.525 -38.025 0
      vertex -41.025 -39.025 0
      vertex -38.525 38.025 0
    endloop
  endfacet
  facet normal 0 0 -1
    outer loop
      vertex -38.525 -38.025 0
      vertex -40.272 -40.5887 0
      vertex -41.025 -39.025 0
    endloop
  endfacet
  facet normal 0 0 -1
    outer loop
      vertex -41.025 39.025 0
      vertex -38.525 38.025 0
      vertex -41.025 -39.025 0
    endloop
  endfacet
  facet normal 0 -0 -1
    outer loop
      vertex -40.5887 40.272 0
      vertex -38.525 38.025 0
      vertex -41.025 39.025 0
    endloop
  endfacet
  facet normal 0 0 -1
    outer loop
      vertex -38.025 38.525 0
      vertex -40.5887 40.272 0
      vertex -39.025 41.025 0
    endloop
  endfacet
  facet normal 0.707107 0.707107 0
    outer loop
      vertex -38.025 -38.525 16
      vertex -38.525 -38.025 0
      vertex -38.525 -38.025 16
    endloop
  endfacet
  facet normal 0.707107 0.707107 0
    outer loop
      vertex -38.525 -38.025 0
      vertex -38.025 -38.525 16
      vertex -38.025 -38.525 0
    endloop
  endfacet
  facet normal 0.707107 -0.707107 0
    outer loop
      vertex -38.525 38.025 16
      vertex -38.025 38.525 0
      vertex -38.025 38.525 16
    endloop
  endfacet
  facet normal 0.707107 -0.707107 0
    outer loop
      vertex -38.025 38.525 0
      vertex -38.525 38.025 16
      vertex -38.525 38.025 0
    endloop
  endfacet
  facet normal -0.707107 -0.707107 0
    outer loop
      vertex 38.525 38.025 0
      vertex 38.025 38.525 16
      vertex 38.025 38.525 0
    endloop
  endfacet
  facet normal -0.707107 -0.707107 0
    outer loop
      vertex 38.025 38.525 16
      vertex 38.525 38.025 0
      vertex 38.525 38.025 16
    endloop
  endfacet
  facet normal -0.707107 0.707107 0
    outer loop
      vertex 38.025 -38.525 0
      vertex 38.525 -38.025 16
      vertex 38.525 -38.025 0
    endloop
  endfacet
  facet normal -0.707107 0.707107 0
    outer loop
      vertex 38.525 -38.025 16
      vertex 38.025 -38.525 0
      vertex 38.025 -38.525 16
    endloop
  endfacet
endsolid OpenSCAD_Model
